Workbook

Sheet FP_rates
B2: team6 run2 | F2: team2 run2 objIT | J2: team2 run2 objOT | N2: team9 run3
C3: FP (below 3 confidence) | D3: FPR | G3: FP (below 3 confidence) | H3: FPR | K3: FP (below 3 confidence) | L3: FPR | O3: FP (below 3 confidence) | P3: FPR
A4: Wazuh (default) | B4: =COUNTIF(wazuh_team6_run2_objIT!$A$2:$A$5000,$A4) -> 288 | C4: =COUNTIFS(wazuh_team6_run2_objIT!$A$2:$A$5000,$A4,wazuh_team6_run2_objIT!$B$2:$B$5000,"<3") -> 273 | D4: =C4/B4 -> 0.94791667 | F4: =COUNTIF(wazuh_team2_run2_objIT!$A$2:$A$5000,$A4) -> 655 | G4: =COUNTIFS(wazuh_team2_run2_objIT!$A$2:$A$5000,$A4,wazuh_team2_run2_objIT!$B$2:$B$5000,"<3") -> 617 | H4: =G4/F4 -> 0.94198473 | J4: =COUNTIF(wazuh_team2_run2_objOT!$A$2:$A$5000,$A4) -> 282 | K4: =COUNTIFS(wazuh_team2_run2_objOT!$A$2:$A$5000,$A4,wazuh_team2_run2_objOT!$B$2:$B$5000,"<3") -> 276 | L4: =K4/J4 -> 0.9787234 | N4: =COUNTIF(wazuh_team9_run3!$A$2:$A$5000,$A4) -> 1506 | O4: =COUNTIFS(wazuh_team9_run3!$A$2:$A$5000,$A4,wazuh_team9_run3!$B$2:$B$5000,"<3") -> 1022 | P4: =O4/N4 -> 0.67861886
A5: Wazuh (custom) | B5: =COUNTIF(wazuh_team6_run2_objIT!$A$2:$A$5000,$A5) -> 20 | C5: =COUNTIFS(wazuh_team6_run2_objIT!$A$2:$A$5000,$A5,wazuh_team6_run2_objIT!$B$2:$B$5000,"<3") -> 14 | D5: =C5/B5 -> 0.7 | F5: =COUNTIF(wazuh_team2_run2_objIT!$A$2:$A$5000,$A5) -> 38 | G5: =COUNTIFS(wazuh_team2_run2_objIT!$A$2:$A$5000,$A5,wazuh_team2_run2_objIT!$B$2:$B$5000,"<3") -> 16 | H5: =G5/F5 -> 0.42105263 | J5: =COUNTIF(wazuh_team2_run2_objOT!$A$2:$A$5000,$A5) -> 5 | K5: =COUNTIFS(wazuh_team2_run2_objOT!$A$2:$A$5000,$A5,wazuh_team2_run2_objOT!$B$2:$B$5000,"<3") -> 0 | L5: =K5/J5 -> 0 | N5: =COUNTIF(wazuh_team9_run3!$A$2:$A$5000,$A5) -> 28 | O5: =COUNTIFS(wazuh_team9_run3!$A$2:$A$5000,$A5,wazuh_team9_run3!$B$2:$B$5000,"<3") -> 21 | P5: =O5/N5 -> 0.75
A6: Vendor A EDR (default) | B6: =COUNTIF(vendor_a_edr_team6_run2!$A$2:$A$5000,$A6) -> 0 | C6: =COUNTIFS(vendor_a_edr_team6_run2!$A$2:$A$5000,$A6,vendor_a_edr_team6_run2!$B$2:$B$5000,"<3") -> 0 | D6: =C6/B6 -> #DIV/0! | F6: =COUNTIF(vendor_a_edr_team2_run2!$A$2:$A$5000,$A6) -> 1 | G6: =COUNTIFS(vendor_a_edr_team2_run2!$A$2:$A$5000,$A6,vendor_a_edr_team2_run2!$B$2:$B$5000,"<3") -> 0 | H6: =G6/F6 -> 0 | J6: =COUNTIF(vendor_a_edr_team6_run2!$A$2:$A$5000,$A6) -> 0 | K6: =COUNTIFS(vendor_a_edr_team6_run2!$A$2:$A$5000,$A6,vendor_a_edr_team6_run2!$B$2:$B$5000,"<3") -> 0 | L6: =K6/J6 -> #DIV/0! | N6: =COUNTIF(vendor_a_edr_team9_run3!$A$2:$A$5000,$A6) -> 2 | O6: =COUNTIFS(vendor_a_edr_team9_run3!$A$2:$A$5000,$A6,vendor_a_edr_team9_run3!$B$2:$B$5000,"<3") -> 0 | P6: =O6/N6 -> 0
A7: Vendor A EDR (IDP) | B7: =COUNTIF(vendor_a_idp_team6_run2!$A$2:$A$5000,$A7) -> 3 | C7: =COUNTIFS(vendor_a_idp_team6_run2!$A$2:$A$5000,$A7,vendor_a_idp_team6_run2!$B$2:$B$5000,"<3") -> 0 | D7: =C7/B7 -> 0 | F7: =COUNTIF(vendor_a_idp_team2_run2!$A$2:$A$5000,$A7) -> 3 | G7: =COUNTIFS(vendor_a_idp_team2_run2!$A$2:$A$5000,$A7,vendor_a_idp_team2_run2!$B$2:$B$5000,"<3") -> 0 | H7: =G7/F7 -> 0 | J7: =COUNTIF(vendor_a_idp_team6_run2!$A$2:$A$5000,$A7) -> 3 | K7: =COUNTIFS(vendor_a_idp_team6_run2!$A$2:$A$5000,$A7,vendor_a_idp_team6_run2!$B$2:$B$5000,"<3") -> 0 | L7: =K7/J7 -> 0 | N7: =COUNTIF(vendor_a_idp_team9_run3!$A$2:$A$5000,$A7) -> 1 | O7: =COUNTIFS(vendor_a_idp_team9_run3!$A$2:$A$5000,$A7,vendor_a_idp_team9_run3!$B$2:$B$5000,"<3") -> 0 | P7: =O7/N7 -> 0
A8: Suricata (custom) | B8: =COUNTIF(wazuh_team6_run2_objIT!$A$2:$A$5000,$A8) -> 9 | C8: =COUNTIFS(wazuh_team6_run2_objIT!$A$2:$A$5000,$A8,wazuh_team6_run2_objIT!$B$2:$B$5000,"<3") -> 0 | D8: =C8/B8 -> 0 | F8: =COUNTIF(wazuh_team2_run2_objIT!$A$2:$A$5000,$A8) -> 51 | G8: =COUNTIFS(wazuh_team2_run2_objIT!$A$2:$A$5000,$A8,wazuh_team2_run2_objIT!$B$2:$B$5000,"<3") -> 8 | H8: =G8/F8 -> 0.15686275 | J8: =COUNTIF(wazuh_team2_run2_objOT!$A$2:$A$5000,$A8) -> 8 | K8: =COUNTIFS(wazuh_team2_run2_objOT!$A$2:$A$5000,$A8,wazuh_team2_run2_objOT!$B$2:$B$5000,"<3") -> 8 | L8: =K8/J8 -> 1 | N8: =COUNTIF(wazuh_team9_run3!$A$2:$A$5000,$A8) -> 117 | O8: =COUNTIFS(wazuh_team9_run3!$A$2:$A$5000,$A8,wazuh_team9_run3!$B$2:$B$5000,"<3") -> 0 | P8: =O8/N8 -> 0
A9: Suricata (ET ruleset) | B9: =COUNTIF(wazuh_team6_run2_objIT!$A$2:$A$5000,$A9) -> 24 | C9: =COUNTIFS(wazuh_team6_run2_objIT!$A$2:$A$5000,$A9,wazuh_team6_run2_objIT!$B$2:$B$5000,"<3") -> 0 | D9: =C9/B9 -> 0 | F9: =COUNTIF(wazuh_team2_run2_objIT!$A$2:$A$5000,$A9) -> 60 | G9: =COUNTIFS(wazuh_team2_run2_objIT!$A$2:$A$5000,$A9,wazuh_team2_run2_objIT!$B$2:$B$5000,"<3") -> 0 | H9: =G9/F9 -> 0 | J9: =COUNTIF(wazuh_team2_run2_objOT!$A$2:$A$5000,$A9) -> 14 | K9: =COUNTIFS(wazuh_team2_run2_objOT!$A$2:$A$5000,$A9,wazuh_team2_run2_objOT!$B$2:$B$5000,"<3") -> 2 | L9: =K9/J9 -> 0.14285714 | N9: =COUNTIF(wazuh_team9_run3!$A$2:$A$5000,$A9) -> 8 | O9: =COUNTIFS(wazuh_team9_run3!$A$2:$A$5000,$A9,wazuh_team9_run3!$B$2:$B$5000,"<3") -> 0 | P9: =O9/N9 -> 0
A10: Vendor B NIDS (default) | B10: =COUNTIF(vendor_b_nids_team6_run2_objIT!$A$2:$A$5000,$A10) -> 15 | C10: =COUNTIFS(vendor_b_nids_team6_run2_objIT!$A$2:$A$5000,$A10,vendor_b_nids_team6_run2_objIT!$B$2:$B$5000,"<3") -> 4 | D10: =C10/B10 -> 0.26666667 | F10: =COUNTIF(vendor_b_nids_team2_run2_objIT!$A$2:$A$5000,$A10) -> 19 | G10: =COUNTIFS(vendor_b_nids_team2_run2_objIT!$A$2:$A$5000,$A10,vendor_b_nids_team2_run2_objIT!$B$2:$B$5000,"<3") -> 5 | H10: =G10/F10 -> 0.26315789 | J10: =COUNTIF(vendor_b_nids_team2_run2_objOT!$A$2:$A$5000,$A10) -> 8 | K10: =COUNTIFS(vendor_b_nids_team2_run2_objOT!$A$2:$A$5000,$A10,vendor_b_nids_team2_run2_objOT!$B$2:$B$5000,"<3") -> 4 | L10: =K10/J10 -> 0.5 | N10: =COUNTIF(vendor_b_nids_team9_run3!$A$2:$A$5000,$A10) -> 9 | O10: =COUNTIFS(vendor_b_nids_team9_run3!$A$2:$A$5000,$A10,vendor_b_nids_team9_run3!$B$2:$B$5000,"<3") -> 2 | P10: =O10/N10 -> 0.22222222
B15: team2 | C15: team6 | D15: team9
A16: Wazuh (default) | B16: =C4/B4 -> 0.94791667 | C16: =(G4+K4)/(F4+J4) -> 0.95304162 | D16: =O4/N4 -> 0.67861886 | I16: team6 run2
A17: Wazuh (custom) | B17: =(C5+C4)/(B5+B4) -> 0.93181818 | C17: =(G5+G4+K5+K4)/(F5+F4+J5+J4) -> 0.92755102 | D17: =(O5+O4)/(N5+N4) -> 0.67992177 | G17: Vendor B NIDS (default) | H17: all | I17: =COUNTIF(vendor_b_nids_team6_run2_objIT!$A$2:$A$5000,$G17) -> 15 | J17: =COUNTIFS(vendor_b_nids_team6_run2_objIT!$A$2:$A$5000,G17,vendor_b_nids_team6_run2_objIT!$B$2:$B$5000,"<3") -> 4 | K17: =J17/I17 -> 0.26666667
A18: Vendor A EDR (default) | B18: 0 | C18: =(G6+K6)/(F6+J6) -> 0 | D18: =O6/N6 -> 0 | G18: Vendor B NIDS (default) | H18: Low | I18: =COUNTIF(vendor_b_nids_team6_run2_objIT!$D$2:$D$5000,$H18) -> 13 | J18: =COUNTIFS(vendor_b_nids_team6_run2_objIT!$D$2:$D$5000,H18,vendor_b_nids_team6_run2_objIT!$B$2:$B$5000,"<3") -> 4 | K18: =J18/I18 -> 0.30769231
A19: Vendor A EDR (IDP) | B19: =C7/B7 -> 0 | C19: =(G7+K7)/(F7+J7) -> 0 | D19: =O7/N7 -> 0 | G19: Vendor B NIDS (default) | H19: Medium | I19: =COUNTIF(vendor_b_nids_team6_run2_objIT!$D$2:$D$5000,$H19) -> 2 | J19: =COUNTIFS(vendor_b_nids_team6_run2_objIT!$D$2:$D$5000,H19,vendor_b_nids_team6_run2_objIT!$B$2:$B$5000,"<3") -> 0 | K19: =J19/I19 -> 0
A20: Suricata (custom) | B20: =(C8+C9)/(B8+B9) -> 0 | C20: =(G8+G9+K8+K9)/(F8+F9+J8+J9) -> 0.13533835 | D20: =(O8+O9)/(N8+N9) -> 0 | G20: Vendor B NIDS (default) | H20: High | I20: =COUNTIF(vendor_b_nids_team6_run2_objIT!$D$2:$D$5000,$H20) -> 0 | J20: =COUNTIFS(vendor_b_nids_team6_run2_objIT!$D$2:$D$5000,H20,vendor_b_nids_team6_run2_objIT!$B$2:$B$5000,"<3") -> 0 | K20: =J20/I20 -> #DIV/0!
A21: Suricata (ET ruleset) | B21: =C9/B9 -> 0 | C21: =(G9+K9)/(F9+J9) -> 0.027027027 | D21: =O9/N9 -> 0
A22: Vendor B NIDS (default) | B22: =C10/B10 -> 0.26666667 | C22: =(G10+K10)/(F10+J10) -> 0.33333333 | D22: =O10/N10 -> 0.22222222

Sheet wazuh_team6_run2_objIT
A1: Rule Origin | B1: Attack Confidence Pentester A | C1: Attack Confidence Pentester B | D1: timestamp UTC+1 | E1: host | F1: severity | G1: level | H1: description | I1: log
A2: Wazuh (default) | B2: 1 | C2: 1 | D2: 45744.661 | E2: CLI1 | F2: low | G2: 3 | H2: Windows Logon Success | I2: "An account was successfully logged on._x000D_ _x000D_ Subject:_x000D_ Security ID: S-1-5-18_x000D_ Account Name: CLI1$_x000D_ Account Domain: PLUMETECH_x000D_ Logon ID: 0x3E7_x000D_ _x000D_ Logon Information:_x000D_ Logon Type: 5_x000D_ Restricted Admin Mode: -_x000D_ Virtual Account: No_x000D_ Elevated Token: Yes_x000D_ _x000D_ Impersonation Level: Impersonation_x000D_ _x000D_ New Logon:_x000D_ Security ID: S-1-5-18_x000D_ Account Name: SYSTEM_x000D_ Account Domain: NT AUTHORITY_x000D_ Logon ID: 0x3E7_x000D_ Linked Logon ID: 0x0_x000D_ Network Account Name: -_x000D_ Network Account Domain: -_x000D_ Logon GUID: {00000000-0000-0000-0000-000000000000}_x000D_ _x000D_ Process Information:_x000D_ Process ID: 0x330_x000D_ Process Name: C:\Windows\System32\services.exe_x000D_ _x000D_ Network Information:_x000D_ Workstation Name: -_x000D_ Source Network Address: -_x000D_ Source Port: -_x000D_ _x000D_ Detailed Authentication Information:_x000D_ Logon Process: Advapi _x000D_ Authentication Package: Negotiate_x000D_ Transited Services: -_x000D_ Package Name (NTLM only): -_x000D_ Key Length: 0_x000D_ _x000D_ This event is generated when a logon session is created. It is generated on the computer that was accessed._x000D_ _x000D_ The subject fields indicate the account on the local system which requested the logon. This is most commonly a service such as the Server service, or a local process such as Winlogon.exe or Services.exe._x000D_ _x000D_ The logon type field indicates the kind of logon that occurred. The most common types are 2 (interactive) and 3 (network)._x000D_ _x000D_ The New Logon fields indicate the account for whom the new logon was created, i.e. the account that was logged on._x000D_ _x000D_ The network fields indicate where a remote logon request originated. Workstation name is not always available and may be left blank in some cases._x000D_ _x000D_ The impersonation level field indicates the extent to which a process in the logon session can impersonate._x000D_ _x000D_ The authentication information fields provide detailed information about this specific logon request._x000D_ - Logon GUID is a unique identifier that can be used to correlate this event with a KDC event._x000D_ - Transited services indicate which intermediate services have participated in this logon request._x000D_ - Package name indicates which sub-protocol was used among the NTLM protocols._x000D_ - Key length indicates the length of the generated session key. This will be 0 if no session key was requested."
A3: Wazuh (default) | B3: 1 | C3: 1 | D3: 45744.661 | E3: CLI1 | F3: low | G3: 3 | H3: Windows Logon Success | I3: "An account was successfully logged on._x000D_ _x000D_ Subject:_x000D_ Security ID: S-1-5-18_x000D_ Account Name: CLI1$_x000D_ Account Domain: PLUMETECH_x000D_ Logon ID: 0x3E7_x000D_ _x000D_ Logon Information:_x000D_ Logon Type: 5_x000D_ Restricted Admin Mode: -_x000D_ Virtual Account: No_x000D_ Elevated Token: Yes_x000D_ _x000D_ Impersonation Level: Impersonation_x000D_ _x000D_ New Logon:_x000D_ Security ID: S-1-5-18_x000D_ Account Name: SYSTEM_x000D_ Account Domain: NT AUTHORITY_x000D_ Logon ID: 0x3E7_x000D_ Linked Logon ID: 0x0_x000D_ Network Account Name: -_x000D_ Network Account Domain: -_x000D_ Logon GUID: {00000000-0000-0000-0000-000000000000}_x000D_ _x000D_ Process Information:_x000D_ Process ID: 0x330_x000D_ Process Name: C:\Windows\System32\services.exe_x000D_ _x000D_ Network Information:_x000D_ Workstation Name: -_x000D_ Source Network Address: -_x000D_ Source Port: -_x000D_ _x000D_ Detailed Authentication Information:_x000D_ Logon Process: Advapi _x000D_ Authentication Package: Negotiate_x000D_ Transited Services: -_x000D_ Package Name (NTLM only): -_x000D_ Key Length: 0_x000D_ _x000D_ This event is generated when a logon session is created. It is generated on the computer that was accessed._x000D_ _x000D_ The subject fields indicate the account on the local system which requested the logon. This is most commonly a service such as the Server service, or a local process such as Winlogon.exe or Services.exe._x000D_ _x000D_ The logon type field indicates the kind of logon that occurred. The most common types are 2 (interactive) and 3 (network)._x000D_ _x000D_ The New Logon fields indicate the account for whom the new logon was created, i.e. the account that was logged on._x000D_ _x000D_ The network fields indicate where a remote logon request originated. Workstation name is not always available and may be left blank in some cases._x000D_ _x000D_ The impersonation level field indicates the extent to which a process in the logon session can impersonate._x000D_ _x000D_ The authentication information fields provide detailed information about this specific logon request._x000D_ - Logon GUID is a unique identifier that can be used to correlate this event with a KDC event._x000D_ - Transited services indicate which intermediate services have participated in this logon request._x000D_ - Package name indicates which sub-protocol was used among the NTLM protocols._x000D_ - Key length indicates the length of the generated session key. This will be 0 if no session key was requested."
A4: Wazuh (default) | B4: 1 | C4: 1 | D4: 45744.661 | E4: FS1 | F4: low | G4: 3 | H4: Windows Logon Success | I4: "An account was successfully logged on._x000D_ _x000D_ Subject:_x000D_ Security ID: S-1-5-18_x000D_ Account Name: FS1$_x000D_ Account Domain: PLUMETECH_x000D_ Logon ID: 0x3E7_x000D_ _x000D_ Logon Information:_x000D_ Logon Type: 5_x000D_ Restricted Admin Mode: -_x000D_ Virtual Account: No_x000D_ Elevated Token: Yes_x000D_ _x000D_ Impersonation Level: Impersonation_x000D_ _x000D_ New Logon:_x000D_ Security ID: S-1-5-18_x000D_ Account Name: SYSTEM_x000D_ Account Domain: NT AUTHORITY_x000D_ Logon ID: 0x3E7_x000D_ Linked Logon ID: 0x0_x000D_ Network Account Name: -_x000D_ Network Account Domain: -_x000D_ Logon GUID: {00000000-0000-0000-0000-000000000000}_x000D_ _x000D_ Process Information:_x000D_ Process ID: 0x330_x000D_ Process Name: C:\Windows\System32\services.exe_x000D_ _x000D_ Network Information:_x000D_ Workstation Name: -_x000D_ Source Network Address: -_x000D_ Source Port: -_x000D_ _x000D_ Detailed Authentication Information:_x000D_ Logon Process: Advapi _x000D_ Authentication Package: Negotiate_x000D_ Transited Services: -_x000D_ Package Name (NTLM only): -_x000D_ Key Length: 0_x000D_ _x000D_ This event is generated when a logon session is created. It is generated on the computer that was accessed._x000D_ _x000D_ The subject fields indicate the account on the local system which requested the logon. This is most commonly a service such as the Server service, or a local process such as Winlogon.exe or Services.exe._x000D_ _x000D_ The logon type field indicates the kind of logon that occurred. The most common types are 2 (interactive) and 3 (network)._x000D_ _x000D_ The New Logon fields indicate the account for whom the new logon was created, i.e. the account that was logged on._x000D_ _x000D_ The network fields indicate where a remote logon request originated. Workstation name is not always available and may be left blank in some cases._x000D_ _x000D_ The impersonation level field indicates the extent to which a process in the logon session can impersonate._x000D_ _x000D_ The authentication information fields provide detailed information about this specific logon request._x000D_ - Logon GUID is a unique identifier that can be used to correlate this event with a KDC event._x000D_ - Transited services indicate which intermediate services have participated in this logon request._x000D_ - Package name indicates which sub-protocol was used among the NTLM protocols._x000D_ - Key length indicates the length of the generated session key. This will be 0 if no session key was requested."
A5: Wazuh (default) | B5: 1 | C5: 1 | D5: 45744.661 | E5: CLI1 | F5: low | G5: 3 | H5: Windows Logon Success | I5: "An account was successfully logged on._x000D_ _x000D_ Subject:_x000D_ Security ID: S-1-5-18_x000D_ Account Name: CLI1$_x000D_ Account Domain: PLUMETECH_x000D_ Logon ID: 0x3E7_x000D_ _x000D_ Logon Information:_x000D_ Logon Type: 5_x000D_ Restricted Admin Mode: -_x000D_ Virtual Account: No_x000D_ Elevated Token: Yes_x000D_ _x000D_ Impersonation Level: Impersonation_x000D_ _x000D_ New Logon:_x000D_ Security ID: S-1-5-18_x000D_ Account Name: SYSTEM_x000D_ Account Domain: NT AUTHORITY_x000D_ Logon ID: 0x3E7_x000D_ Linked Logon ID: 0x0_x000D_ Network Account Name: -_x000D_ Network Account Domain: -_x000D_ Logon GUID: {00000000-0000-0000-0000-000000000000}_x000D_ _x000D_ Process Information:_x000D_ Process ID: 0x330_x000D_ Process Name: C:\Windows\System32\services.exe_x000D_ _x000D_ Network Information:_x000D_ Workstation Name: -_x000D_ Source Network Address: -_x000D_ Source Port: -_x000D_ _x000D_ Detailed Authentication Information:_x000D_ Logon Process: Advapi _x000D_ Authentication Package: Negotiate_x000D_ Transited Services: -_x000D_ Package Name (NTLM only): -_x000D_ Key Length: 0_x000D_ _x000D_ This event is generated when a logon session is created. It is generated on the computer that was accessed._x000D_ _x000D_ The subject fields indicate the account on the local system which requested the logon. This is most commonly a service such as the Server service, or a local process such as Winlogon.exe or Services.exe._x000D_ _x000D_ The logon type field indicates the kind of logon that occurred. The most common types are 2 (interactive) and 3 (network)._x000D_ _x000D_ The New Logon fields indicate the account for whom the new logon was created, i.e. the account that was logged on._x000D_ _x000D_ The network fields indicate where a remote logon request originated. Workstation name is not always available and may be left blank in some cases._x000D_ _x000D_ The impersonation level field indicates the extent to which a process in the logon session can impersonate._x000D_ _x000D_ The authentication information fields provide detailed information about this specific logon request._x000D_ - Logon GUID is a unique identifier that can be used to correlate this event with a KDC event._x000D_ - Transited services indicate which intermediate services have participated in this logon request._x000D_ - Package name indicates which sub-protocol was used among the NTLM protocols._x000D_ - Key length indicates the length of the generated session key. This will be 0 if no session key was requested."
A6: Wazuh (default) | B6: 1 | C6: 1 | D6: 45744.661 | E6: CLI1 | F6: low | G6: 3 | H6: Windows Logon Success | I6: "An account was successfully logged on._x000D_ _x000D_ Subject:_x000D_ Security ID: S-1-5-18_x000D_ Account Name: CLI1$_x000D_ Account Domain: PLUMETECH_x000D_ Logon ID: 0x3E7_x000D_ _x000D_ Logon Information:_x000D_ Logon Type: 5_x000D_ Restricted Admin Mode: -_x000D_ Virtual Account: No_x000D_ Elevated Token: Yes_x000D_ _x000D_ Impersonation Level: Impersonation_x000D_ _x000D_ New Logon:_x000D_ Security ID: S-1-5-18_x000D_ Account Name: SYSTEM_x000D_ Account Domain: NT AUTHORITY_x000D_ Logon ID: 0x3E7_x000D_ Linked Logon ID: 0x0_x000D_ Network Account Name: -_x000D_ Network Account Domain: -_x000D_ Logon GUID: {00000000-0000-0000-0000-000000000000}_x000D_ _x000D_ Process Information:_x000D_ Process ID: 0x330_x000D_ Process Name: C:\Windows\System32\services.exe_x000D_ _x000D_ Network Information:_x000D_ Workstation Name: -_x000D_ Source Network Address: -_x000D_ Source Port: -_x000D_ _x000D_ Detailed Authentication Information:_x000D_ Logon Process: Advapi _x000D_ Authentication Package: Negotiate_x000D_ Transited Services: -_x000D_ Package Name (NTLM only): -_x000D_ Key Length: 0_x000D_ _x000D_ This event is generated when a logon session is created. It is generated on the computer that was accessed._x000D_ _x000D_ The subject fields indicate the account on the local system which requested the logon. This is most commonly a service such as the Server service, or a local process such as Winlogon.exe or Services.exe._x000D_ _x000D_ The logon type field indicates the kind of logon that occurred. The most common types are 2 (interactive) and 3 (network)._x000D_ _x000D_ The New Logon fields indicate the account for whom the new logon was created, i.e. the account that was logged on._x000D_ _x000D_ The network fields indicate where a remote logon request originated. Workstation name is not always available and may be left blank in some cases._x000D_ _x000D_ The impersonation level field indicates the extent to which a process in the logon session can impersonate._x000D_ _x000D_ The authentication information fields provide detailed information about this specific logon request._x000D_ - Logon GUID is a unique identifier that can be used to correlate this event with a KDC event._x000D_ - Transited services indicate which intermediate services have participated in this logon request._x000D_ - Package name indicates which sub-protocol was used among the NTLM protocols._x000D_ - Key length indicates the length of the generated session key. This will be 0 if no session key was requested."
A7: Wazuh (default) | B7: 1 | C7: 1 | D7: 45744.661 | E7: FS1 | F7: low | G7: 3 | H7: Windows Logon Success | I7: "An account was successfully logged on._x000D_ _x000D_ Subject:_x000D_ Security ID: S-1-5-18_x000D_ Account Name: FS1$_x000D_ Account Domain: PLUMETECH_x000D_ Logon ID: 0x3E7_x000D_ _x000D_ Logon Information:_x000D_ Logon Type: 5_x000D_ Restricted Admin Mode: -_x000D_ Virtual Account: No_x000D_ Elevated Token: Yes_x000D_ _x000D_ Impersonation Level: Impersonation_x000D_ _x000D_ New Logon:_x000D_ Security ID: S-1-5-18_x000D_ Account Name: SYSTEM_x000D_ Account Domain: NT AUTHORITY_x000D_ Logon ID: 0x3E7_x000D_ Linked Logon ID: 0x0_x000D_ Network Account Name: -_x000D_ Network Account Domain: -_x000D_ Logon GUID: {00000000-0000-0000-0000-000000000000}_x000D_ _x000D_ Process Information:_x000D_ Process ID: 0x330_x000D_ Process Name: C:\Windows\System32\services.exe_x000D_ _x000D_ Network Information:_x000D_ Workstation Name: -_x000D_ Source Network Address: -_x000D_ Source Port: -_x000D_ _x000D_ Detailed Authentication Information:_x000D_ Logon Process: Advapi _x000D_ Authentication Package: Negotiate_x000D_ Transited Services: -_x000D_ Package Name (NTLM only): -_x000D_ Key Length: 0_x000D_ _x000D_ This event is generated when a logon session is created. It is generated on the computer that was accessed._x000D_ _x000D_ The subject fields indicate the account on the local system which requested the logon. This is most commonly a service such as the Server service, or a local process such as Winlogon.exe or Services.exe._x000D_ _x000D_ The logon type field indicates the kind of logon that occurred. The most common types are 2 (interactive) and 3 (network)._x000D_ _x000D_ The New Logon fields indicate the account for whom the new logon was created, i.e. the account that was logged on._x000D_ _x000D_ The network fields indicate where a remote logon request originated. Workstation name is not always available and may be left blank in some cases._x000D_ _x000D_ The impersonation level field indicates the extent to which a process in the logon session can impersonate._x000D_ _x000D_ The authentication information fields provide detailed information about this specific logon request._x000D_ - Logon GUID is a unique identifier that can be used to correlate this event with a KDC event._x000D_ - Transited services indicate which intermediate services have participated in this logon request._x000D_ - Package name indicates which sub-protocol was used among the NTLM protocols._x000D_ - Key length indicates the length of the generated session key. This will be 0 if no session key was requested."
A8: Wazuh (default) | B8: 1 | C8: 1 | D8: 45744.661 | E8: FS1 | F8: low | G8: 3 | H8: Windows Logon Success | I8: "An account was successfully logged on._x000D_ _x000D_ Subject:_x000D_ Security ID: S-1-5-18_x000D_ Account Name: FS1$_x000D_ Account Domain: PLUMETECH_x000D_ Logon ID: 0x3E7_x000D_ _x000D_ Logon Information:_x000D_ Logon Type: 5_x000D_ Restricted Admin Mode: -_x000D_ Virtual Account: No_x000D_ Elevated Token: Yes_x000D_ _x000D_ Impersonation Level: Impersonation_x000D_ _x000D_ New Logon:_x000D_ Security ID: S-1-5-18_x000D_ Account Name: SYSTEM_x000D_ Account Domain: NT AUTHORITY_x000D_ Logon ID: 0x3E7_x000D_ Linked Logon ID: 0x0_x000D_ Network Account Name: -_x000D_ Network Account Domain: -_x000D_ Logon GUID: {00000000-0000-0000-0000-000000000000}_x000D_ _x000D_ Process Information:_x000D_ Process ID: 0x330_x000D_ Process Name: C:\Windows\System32\services.exe_x000D_ _x000D_ Network Information:_x000D_ Workstation Name: -_x000D_ Source Network Address: -_x000D_ Source Port: -_x000D_ _x000D_ Detailed Authentication Information:_x000D_ Logon Process: Advapi _x000D_ Authentication Package: Negotiate_x000D_ Transited Services: -_x000D_ Package Name (NTLM only): -_x000D_ Key Length: 0_x000D_ _x000D_ This event is generated when a logon session is created. It is generated on the computer that was accessed._x000D_ _x000D_ The subject fields indicate the account on the local system which requested the logon. This is most commonly a service such as the Server service, or a local process such as Winlogon.exe or Services.exe._x000D_ _x000D_ The logon type field indicates the kind of logon that occurred. The most common types are 2 (interactive) and 3 (network)._x000D_ _x000D_ The New Logon fields indicate the account for whom the new logon was created, i.e. the account that was logged on._x000D_ _x000D_ The network fields indicate where a remote logon request originated. Workstation name is not always available and may be left blank in some cases._x000D_ _x000D_ The impersonation level field indicates the extent to which a process in the logon session can impersonate._x000D_ _x000D_ The authentication information fields provide detailed information about this specific logon request._x000D_ - Logon GUID is a unique identifier that can be used to correlate this event with a KDC event._x000D_ - Transited services indicate which intermediate services have participated in this logon request._x000D_ - Package name indicates which sub-protocol was used among the NTLM protocols._x000D_ - Key length indicates the length of the generated session key. This will be 0 if no session key was requested."
A9: Wazuh (default) | B9: 1 | C9: 1 | D9: 45744.661 | E9: OTDC1 | F9: low | G9: 3 | H9: Windows Logon Success | I9: "An account was successfully logged on._x000D_ _x000D_ Subject:_x000D_ Security ID: S-1-0-0_x000D_ Account Name: -_x000D_ Account Domain: -_x000D_ Logon ID: 0x0_x000D_ _x000D_ Logon Information:_x000D_ Logon Type: 3_x000D_ Restricted Admin Mode: -_x000D_ Virtual Account: No_x000D_ Elevated Token: Yes_x000D_ _x000D_ Impersonation Level: Impersonation_x000D_ _x000D_ New Logon:_x000D_ Security ID: S-1-5-18_x000D_ Account Name: OTDC1$_x000D_ Account Domain: PLUMETECH-OT.LOCAL_x000D_ Logon ID: 0x1B9F3A_x000D_ Linked Logon ID: 0x0_x000D_ Network Account Name: -_x000D_ Network Account Domain: -_x000D_ Logon GUID: {f8ce4a99-b918-5581-a01a-8f89eb124c5f}_x000D_ _x000D_ Process Information:_x000D_ Process ID: 0x0_x000D_ Process Name: -_x000D_ _x000D_ Network Information:_x000D_ Workstation Name: -_x000D_ Source Network Address: fe80::3548:80d5:5abe:afc4_x000D_ Source Port: 61062_x000D_ _x000D_ Detailed Authentication Information:_x000D_ Logon Process: Kerberos_x000D_ Authentication Package: Kerberos_x000D_ Transited Services: -_x000D_ Package Name (NTLM only): -_x000D_ Key Length: 0_x000D_ _x000D_ This event is generated when a logon session is created. It is generated on the computer that was accessed._x000D_ _x000D_ The subject fields indicate the account on the local system which requested the logon. This is most commonly a service such as the Server service, or a local process such as Winlogon.exe or Services.exe._x000D_ _x000D_ The logon type field indicates the kind of logon that occurred. The most common types are 2 (interactive) and 3 (network)._x000D_ _x000D_ The New Logon fields indicate the account for whom the new logon was created, i.e. the account that was logged on._x000D_ _x000D_ The network fields indicate where a remote logon request originated. Workstation name is not always available and may be left blank in some cases._x000D_ _x000D_ The impersonation level field indicates the extent to which a process in the logon session can impersonate._x000D_ _x000D_ The authentication information fields provide detailed information about this specific logon request._x000D_ - Logon GUID is a unique identifier that can be used to correlate this event with a KDC event._x000D_ - Transited services indicate which intermediate services have participated in this logon request._x000D_ - Package name indicates which sub-protocol was used among the NTLM protocols._x000D_ - Key length indicates the length of the generated session key. This will be 0 if no session key was requested."
A10: Wazuh (default) | B10: 1 | C10: 1 | D10: 45744.661 | E10: OTDC1 | F10: low | G10: 3 | H10: Windows Logon Success | I10: "An account was successfully logged on._x000D_ _x000D_ Subject:_x000D_ Security ID: S-1-0-0_x000D_ Account Name: -_x000D_ Account Domain: -_x000D_ Logon ID: 0x0_x000D_ _x000D_ Logon Information:_x000D_ Logon Type: 3_x000D_ Restricted Admin Mode: -_x000D_ Virtual Account: No_x000D_ Elevated Token: Yes_x000D_ _x000D_ Impersonation Level: Delegation_x000D_ _x000D_ New Logon:_x000D_ Security ID: S-1-5-18_x000D_ Account Name: OTDC1$_x000D_ Account Domain: PLUMETECH-OT.LOCAL_x000D_ Logon ID: 0x1BA00D_x000D_ Linked Logon ID: 0x0_x000D_ Network Account Name: -_x000D_ Network Account Domain: -_x000D_ Logon GUID: {c6984051-86da-e9fa-4b42-9e76c2f2711b}_x000D_ _x000D_ Process Information:_x000D_ Process ID: 0x0_x000D_ Process Name: -_x000D_ _x000D_ Network Information:_x000D_ Workstation Name: -_x000D_ Source Network Address: fe80::3548:80d5:5abe:afc4_x000D_ Source Port: 61063_x000D_ _x000D_ Detailed Authentication Information:_x000D_ Logon Process: Kerberos_x000D_ Authentication Package: Kerberos_x000D_ Transited Services: -_x000D_ Package Name (NTLM only): -_x000D_ Key Length: 0_x000D_ _x000D_ This event is generated when a logon session is created. It is generated on the computer that was accessed._x000D_ _x000D_ The subject fields indicate the account on the local system which requested the logon. This is most commonly a service such as the Server service, or a local process such as Winlogon.exe or Services.exe._x000D_ _x000D_ The logon type field indicates the kind of logon that occurred. The most common types are 2 (interactive) and 3 (network)._x000D_ _x000D_ The New Logon fields indicate the account for whom the new logon was created, i.e. the account that was logged on._x000D_ _x000D_ The network fields indicate where a remote logon request originated. Workstation name is not always available and may be left blank in some cases._x000D_ _x000D_ The impersonation level field indicates the extent to which a process in the logon session can impersonate._x000D_ _x000D_ The authentication information fields provide detailed information about this specific logon request._x000D_ - Logon GUID is a unique identifier that can be used to correlate this event with a KDC event._x000D_ - Transited services indicate which intermediate services have participated in this logon request._x000D_ - Package name indicates which sub-protocol was used among the NTLM protocols._x000D_ - Key length indicates the length of the generated session key. This will be 0 if no session key was requested."
A11: Wazuh (default) | B11: 1 | C11: 1 | D11: 45744.661 | E11: OTDC1 | F11: low | G11: 3 | H11: Windows Logon Success | I11: "An account was successfully logged on._x000D_ _x000D_ Subject:_x000D_ Security ID: S-1-0-0_x000D_ Account Name: -_x000D_ Account Domain: -_x000D_ Logon ID: 0x0_x000D_ _x000D_ Logon Information:_x000D_ Logon Type: 3_x000D_ Restricted Admin Mode: -_x000D_ Virtual Account: No_x000D_ Elevated Token: Yes_x000D_ _x000D_ Impersonation Level: Impersonation_x000D_ _x000D_ New Logon:_x000D_ Security ID: S-1-5-18_x000D_ Account Name: OTDC1$_x000D_ Account Domain: PLUMETECH-OT.LOCAL_x000D_ Logon ID: 0x1BA0FF_x000D_ Linked Logon ID: 0x0_x000D_ Network Account Name: -_x000D_ Network Account Domain: -_x000D_ Logon GUID: {c6984051-86da-e9fa-4b42-9e76c2f2711b}_x000D_ _x000D_ Process Information:_x000D_ Process ID: 0x0_x000D_ Process Name: -_x000D_ _x000D_ Network Information:_x000D_ Workstation Name: -_x000D_ Source Network Address: ::1_x000D_ Source Port: 0_x000D_ _x000D_ Detailed Authentication Information:_x000D_ Logon Process: Kerberos_x000D_ Authentication Package: Kerberos_x000D_ Transited Services: -_x000D_ Package Name (NTLM only): -_x000D_ Key Length: 0_x000D_ _x000D_ This event is generated when a logon session is created. It is generated on the computer that was accessed._x000D_ _x000D_ The subject fields indicate the account on the local system which requested the logon. This is most commonly a service such as the Server service, or a local process such as Winlogon.exe or Services.exe._x000D_ _x000D_ The logon type field indicates the kind of logon that occurred. The most common types are 2 (interactive) and 3 (network)._x000D_ _x000D_ The New Logon fields indicate the account for whom the new logon was created, i.e. the account that was logged on._x000D_ _x000D_ The network fields indicate where a remote logon request originated. Workstation name is not always available and may be left blank in some cases._x000D_ _x000D_ The impersonation level field indicates the extent to which a process in the logon session can impersonate._x000D_ _x000D_ The authentication information fields provide detailed information about this specific logon request._x000D_ - Logon GUID is a unique identifier that can be used to correlate this event with a KDC event._x000D_ - Transited services indicate which intermediate services have participated in this logon request._x000D_ - Package name indicates which sub-protocol was used among the NTLM protocols._x000D_ - Key length indicates the length of the generated session key. This will be 0 if no session key was requested."
A12: Wazuh (default) | B12: 1 | C12: 1 | D12: 45744.661 | E12: OTDC1 | F12: low | G12: 3 | H12: Windows Logon Success | I12: "An account was successfully logged on._x000D_ _x000D_ Subject:_x000D_ Security ID: S-1-0-0_x000D_ Account Name: -_x000D_ Account Domain: -_x000D_ Logon ID: 0x0_x000D_ _x000D_ Logon Information:_x000D_ Logon Type: 3_x000D_ Restricted Admin Mode: -_x000D_ Virtual Account: No_x000D_ Elevated Token: Yes_x000D_ _x000D_ Impersonation Level: Impersonation_x000D_ _x000D_ New Logon:_x000D_ Security ID: S-1-5-18_x000D_ Account Name: OTDC1$_x000D_ Account Domain: PLUMETECH-OT.LOCAL_x000D_ Logon ID: 0x1BA3AA_x000D_ Linked Logon ID: 0x0_x000D_ Network Account Name: -_x000D_ Network Account Domain: -_x000D_ Logon GUID: {c6984051-86da-e9fa-4b42-9e76c2f2711b}_x000D_ _x000D_ Process Information:_x000D_ Process ID: 0x0_x000D_ Process Name: -_x000D_ _x000D_ Network Information:_x000D_ Workstation Name: -_x000D_ Source Network Address: ::1_x000D_ Source Port: 0_x000D_ _x000D_ Detailed Authentication Information:_x000D_ Logon Process: Kerberos_x000D_ Authentication Package: Kerberos_x000D_ Transited Services: -_x000D_ Package Name (NTLM only): -_x000D_ Key Length: 0_x000D_ _x000D_ This event is generated when a logon session is created. It is generated on the computer that was accessed._x000D_ _x000D_ The subject fields indicate the account on the local system which requested the logon. This is most commonly a service such as the Server service, or a local process such as Winlogon.exe or Services.exe._x000D_ _x000D_ The logon type field indicates the kind of logon that occurred. The most common types are 2 (interactive) and 3 (network)._x000D_ _x000D_ The New Logon fields indicate the account for whom the new logon was created, i.e. the account that was logged on._x000D_ _x000D_ The network fields indicate where a remote logon request originated. Workstation name is not always available and may be left blank in some cases._x000D_ _x000D_ The impersonation level field indicates the extent to which a process in the logon session can impersonate._x000D_ _x000D_ The authentication information fields provide detailed information about this specific logon request._x000D_ - Logon GUID is a unique identifier that can be used to correlate this event with a KDC event._x000D_ - Transited services indicate which intermediate services have participated in this logon request._x000D_ - Package name indicates which sub-protocol was used among the NTLM protocols._x000D_ - Key length indicates the length of the generated session key. This will be 0 if no session key was requested."
A13: Wazuh (default) | B13: 1 | C13: 1 | D13: 45744.661 | E13: suricata | F13: low | G13: 3 | H13: Informational Suricata Alert: ET INFO Packed Executable Download | I13: {"timestamp":"2025-03-28T14:51:59.523916+0000","flow_id":2219859327676154,"in_iface":"ens5","event_type":"alert","src_ip":"23.55.161.142","src_port":80,"dest_ip":"10.0.6.29","dest_port":56841,"proto":"TCP","pkt_src":"vxlan encapsulation","metadata":{"flowbits":["exe.no.referer","ET.INFO.WindowsUpdate"]},"community_id":"1:Gfnx5z3j8E1NITvlFD7PJA9oU60=","tx_id":0,"alert":{"action":"allowed","gid":1,"signature_id":2014819,"rev":5,"signature":"ET INFO Packed Executable Download","category":"Misc activity","severity":3,"metadata":{"confidence":["Medium"],"created_at":["2012_05_30"],"performance_impact":["Moderate"],"signature_severity":["Informational"],"updated_at":["2024_04_08"]}},"tunnel":{"src_ip":"10.0.6.29","src_port":65477,"dest_ip":"10.0.6.9","dest_port":4789,"proto":"UDP","depth":1,"pkt_src":"wire/pcap"},"http":{"hostname":"au.download.windowsupdate.com","url":"/c/msdownload/update/software/defu/2025/03/am_delta_patch_1.425.274.0_190b7f6379ebb86967af8cefe6f392488733b2dd.exe","http_user_agent":"Microsoft-Delivery-Optimization/10.0","http_content_type":"application/octet-stream","content_range":{"raw":"bytes 0-1048575/1541744","start":0,"end":1048575,"size":1541744},"http_method":"GET","protocol":"HTTP/1.1","status":206,"length":42404},"files":[{"filename":"/c/msdownload/update/software/defu/2025/03/am_delta_patch_1.425.274.0_190b7f6379ebb86967af8cefe6f392488733b2dd.exe","gaps":false,"state":"UNKNOWN","stored":false,"size":42404,"start":0,"end":1048575,"tx_id":0}],"app_proto":"http","direction":"to_client","flow":{"pkts_toserver":9,"pkts_toclient":37,"bytes_toserver":713,"bytes_toclient":51546,"start":"2025-03-28T14:51:59.516851+0000","src_ip":"10.0.6.29","dest_ip":"23.55.161.142","src_port":56841,"dest_port":80},"capture_file":"/var/log/suricata/nsm_data//log.pcap.1743173481","source":"suricata"}
... A342: Wazuh (default) | B342: 1 | C342: 1 | D342: 45744.68 | E342: DC1 | F342: low | G342: 3 | H342: Windows Logon Success | I342: "An account was successfully logged on._x000D_ _x000D_ Subject:_x000D_ Security ID: S-1-0-0_x000D_ Account Name: -_x000D_ Account Domain: -_x000D_ Logon ID: 0x0_x000D_ _x000D_ Logon Information:_x000D_ Logon Type: 3_x000D_ Restricted Admin Mode: -_x000D_ Virtual Account: No_x000D_ Elevated Token: Yes_x000D_ _x000D_ Impersonation Level: Impersonation_x000D_ _x000D_ New Logon:_x000D_ Security ID: S-1-5-18_x000D_ Account Name: DC1$_x000D_ Account Domain: PLUMETECH.LOCAL_x000D_ Logon ID: 0xC75F50_x000D_ Linked Logon ID: 0x0_x000D_ Network Account Name: -_x000D_ Network Account Domain: -_x000D_ Logon GUID: {59f6ceb3-4310-9443-e45f-079b56d5b2b9}_x000D_ _x000D_ Process Information:_x000D_ Process ID: 0x0_x000D_ Process Name: -_x000D_ _x000D_ Network Information:_x000D_ Workstation Name: -_x000D_ Source Network Address: ::1_x000D_ Source Port: 51714_x000D_ _x000D_ Detailed Authentication Information:_x000D_ Logon Process: Kerberos_x000D_ Authentication Package: Kerberos_x000D_ Transited Services: -_x000D_ Package Name (NTLM only): -_x000D_ Key Length: 0_x000D_ _x000D_ This event is generated when a logon session is created. It is generated on the computer that was accessed._x000D_ _x000D_ The subject fields indicate the account on the local system which requested the logon. This is most commonly a service such as the Server service, or a local process such as Winlogon.exe or Services.exe._x000D_ _x000D_ The logon type field indicates the kind of logon that occurred. The most common types are 2 (interactive) and 3 (network)._x000D_ _x000D_ The New Logon fields indicate the account for whom the new logon was created, i.e. the account that was logged on._x000D_ _x000D_ The network fields indicate where a remote logon request originated. Workstation name is not always available and may be left blank in some cases._x000D_ _x000D_ The impersonation level field indicates the extent to which a process in the logon session can impersonate._x000D_ _x000D_ The authentication information fields provide detailed information about this specific logon request._x000D_ - Logon GUID is a unique identifier that can be used to correlate this event with a KDC event._x000D_ - Transited services indicate which intermediate services have participated in this logon request._x000D_ - Package name indicates which sub-protocol was used among the NTLM protocols._x000D_ - Key length indicates the length of the generated session key. This will be 0 if no session key was requested."

Sheet vendor_a_edr_team6_run2
A1: Rule Origin | B1: Attack Confidence Pentester A | C1: Attack Confidence Pentester B | D1: timestamp | E1: Host | F1: severity_name | G1: severity | H1: description | I1: cmdline | J1: files_written | K1: entities

Sheet vendor_a_idp_team6_run2
A1: Rule Origin | B1: Attack Confidence Pentester A | C1: Attack Confidence Pentester B | D1: process.start | E1: Vendor.SeverityName | F1: source.ip | G1: source.user.name | H1: user.target.name | I1: threat.indicator.description | J1: Vendor.EventSourceName | K1: Tactic | L1: Technique | M1: @rawstring
A2: Vendor A EDR (IDP) | B2: 5 | C2: 5 | D2: 45744.676 | E2: Informational | F2: 10.0.6.30 | G2: manuel@PLUMETECH.LOCAL | H2: manuel | I2: A user executed a self-request for a Ticket Granting Service (TGS), following a Kerberos certificate-based authentication, which might indicate a malicious activity | J2: Anomalous certificate-based authentication (unusual TGS request)IDPEvent | K2: TA0006 Credential Access | L2: T1003 OS Credential Dumping | M2: {"Ngsiem.alert.id":"9374a063cba648ff951d57ebc35eb15e:ind:9374a063cba648ff951d57ebc35eb15e:D7C5AE63-91EC-4F97-B06B-E4FE85185F7D","Ngsiem.detection.id":"","Ngsiem.event.data_domain":"Identity","Ngsiem.event.id":"93782fc46b8e4631b2b8d0b7b7d89be2","Ngsiem.event.product":"Falcon Identity Protection","Ngsiem.event.vendor":"CrowdStrike","Ngsiem.indicator.data_domain[0]":"Identity","Ngsiem.indicator.display_name":"Anomalous certificate-based authentication (unusual TGS request)","Ngsiem.indicator.id":"93782fc46b8e4631b2b8d0b7b7d89be2","Ngsiem.indicator.source_product[0]":"Falcon Identity Protection","Ngsiem.indicator.source_vendor[0]":"CrowdStrike","Ngsiem.metadata":"{\"Metadata\":{}}","Ngsiem.pattern.id":"51162","Ngsiem.properties":"[{\"EntitySummary:user_sid\":\"S-1-5-21-514844351-3181471642-2638765006-1103\",\"EntitySummary:username\":\"manuel@PLUMETECH.LOCAL\",\"GUID\":\"BB8DBD6B-9FAA-3A28-9AF8-6F79006B765B\",\"UIVertexType\":\"user\",\"UserName\":\"manuel@PLUMETECH.LOCAL\",\"UserSID\":\"S-1-5-21-514844351-3181471642-2638765006-1103\",\"domain\":\"User\",\"id\":\"S-1-5-21-514844351-3181471642-2638765006-1103\"},{\"EntitySummary:ip\":\"10.0.6.30\",\"IPAddress\":\"10.0.6.30\",\"UIVertexType\":\"ip_address\",\"domain\":\"IpAddress\",\"id\":\"10.0.6.30\"}]","Ngsiem.type":"Indicator","Vendor.ActivityId":"1EE28E2F-C5DF-4B60-AB38-93EF08346C44","Vendor.ContextTimeStamp":"133876487350000000","Vendor.DetectID":"9374a063cba648ff951d57ebc35eb15e:ind:9374a063cba648ff951d57ebc35eb15e:D7C5AE63-91EC-4F97-B06B-E4FE85185F7D","Vendor.EventName":"CertificateBasedAuthenticationSelfUserTicketIndicator","Vendor.EventSourceName":"Anomalous certificate-based authentication (unusual TGS request)IDPEvent","Vendor.EventType":"IdpDetectionSummaryEvent","Vendor.FalconHostLink":"https://falcon.eu-1.crowdstrike.com/identity-protection/detections/9374a063cba648ff951d57ebc35eb15e:ind:9374a063cba648ff951d57ebc35eb15e:D7C5AE63-91EC-4F97-B06B-E4FE85185F7D?_cid=g05000u56ylbfaurdzjj72wbjahc2rdu","Vendor.Objective":"Gain Access","Vendor.PatternID":"51162","Vendor.SeverityName":"Informational","Vendor.SourceEndpointAccountObjectGuid":"BB8DBD6B-9FAA-3A28-9AF8-6F79006B765B","Vendor.TargetServiceAccessIdentifier":"manuel","event.action":"CertificateBasedAuthenticationSelfUserTicketIndicator","event.category[0]":"threat","event.created":"2025-03-28T15:18:55Z","event.severity":"60","event.type[0]":"indicator","process.end":"2025-03-28T15:14:08Z","process.start":"2025-03-28T15:14:08Z","rule.id":"999998","rule.version":"0","source.ip":"10.0.6.30","source.user.domain":"PLUMETECH.LOCAL","source.user.id":"S-1-5-21-514844351-3181471642-2638765006-1103","source.user.name":"manuel@PLUMETECH.LOCAL","threat.framework":"MITRE ATT\u0026CK","threat.indicator.description":"A user executed a self-request for a Ticket Granting Service (TGS), following a Kerberos certificate-based authentication, which might indicate a malicious activity","threat.indicator.first_seen":"2025-03-28T15:20:00Z","threat.indicator.last_seen":"2025-03-28T15:20:00Z","threat.indicator.modified_at":"2025-03-28T15:20:00.897478537Z","threat.indicator.name":"Anomalous certificate-based authentication (unusual TGS request)","threat.indicator.provider":"crowdstrike.indicators","threat.tactic.id[0]":"TA0006","threat.tactic.name[0]":"Credential Access","threat.technique.id[0]":"T1003","threat.technique.name[0]":"OS Credential Dumping","trace.id":"7d3d782a-dbcd-4091-9611-3e67585a8dec","user.target.name":"manuel"}
A3: Vendor A EDR (IDP) | B3: 5 | C3: 5 | D3: 45744.676 | E3: Informational | F3: 10.0.6.30 | G3: debbie@PLUMETECH.LOCAL | H3: manuel@PLUMETECH.LOCAL | I3: A lower-privileged entity performed an unusual Kerberos certificate-based authentication to a higher-privileged entity, which might indicate a malicious activity | J3: Anomalous certificate-based authentication (user mismatch)IDPEvent | K3: TA0006 Credential Access | L3: T1649 Steal or Forge Authentication Certificates | M3: {"Ngsiem.alert.id":"9374a063cba648ff951d57ebc35eb15e:ind:9374a063cba648ff951d57ebc35eb15e:421B6F81-505E-4E7B-B1F7-D09DA3DECC0C","Ngsiem.detection.id":"","Ngsiem.event.data_domain":"Identity","Ngsiem.event.id":"3db125a285fa40b590847cc379e7b647","Ngsiem.event.product":"Falcon Identity Protection","Ngsiem.event.vendor":"CrowdStrike","Ngsiem.indicator.data_domain[0]":"Identity","Ngsiem.indicator.display_name":"Anomalous certificate-based authentication (user mismatch)","Ngsiem.indicator.id":"3db125a285fa40b590847cc379e7b647","Ngsiem.indicator.source_product[0]":"Falcon Identity Protection","Ngsiem.indicator.source_vendor[0]":"CrowdStrike","Ngsiem.metadata":"{\"Metadata\":{}}","Ngsiem.pattern.id":"51161","Ngsiem.properties":"[{\"EntitySummary:user_sid\":\"S-1-5-21-514844351-3181471642-2638765006-1105\",\"EntitySummary:username\":\"debbie@PLUMETECH.LOCAL\",\"GUID\":\"BB8DBD6B-9FAA-3A28-9AF8-6F79006B765B\",\"UIVertexType\":\"user\",\"UserName\":\"debbie@PLUMETECH.LOCAL\",\"UserSID\":\"S-1-5-21-514844351-3181471642-2638765006-1105\",\"domain\":\"User\",\"id\":\"S-1-5-21-514844351-3181471642-2638765006-1105\"},{\"EntitySummary:ip\":\"10.0.6.30\",\"IPAddress\":\"10.0.6.30\",\"UIVertexType\":\"ip_address\",\"domain\":\"IpAddress\",\"id\":\"10.0.6.30\"}]","Ngsiem.type":"Indicator","Vendor.ActivityId":"944AB1CE-34CB-42B8-B935-5ABAC1007254","Vendor.ContextTimeStamp":"133876487350000000","Vendor.DetectID":"9374a063cba648ff951d57ebc35eb15e:ind:9374a063cba648ff951d57ebc35eb15e:421B6F81-505E-4E7B-B1F7-D09DA3DECC0C","Vendor.EventName":"CertificateBasedAuthenticationUserMismatchIndicator","Vendor.EventSourceName":"Anomalous certificate-based authentication (user mismatch)IDPEvent","Vendor.EventType":"IdpDetectionSummaryEvent","Vendor.FalconHostLink":"https://falcon.eu-1.crowdstrike.com/identity-protection/detections/9374a063cba648ff951d57ebc35eb15e:ind:9374a063cba648ff951d57ebc35eb15e:421B6F81-505E-4E7B-B1F7-D09DA3DECC0C?_cid=g05000u56ylbfaurdzjj72wbjahc2rdu","Vendor.Objective":"Gain Access","Vendor.PatternID":"51161","Vendor.SeverityName":"Informational","Vendor.SourceEndpointAccountObjectGuid":"BB8DBD6B-9FAA-3A28-9AF8-6F79006B765B","event.action":"CertificateBasedAuthenticationUserMismatchIndicator","event.category[0]":"threat","event.created":"2025-03-28T15:18:55Z","event.severity":"60","event.type[0]":"indicator","process.end":"2025-03-28T15:14:08Z","process.start":"2025-03-28T15:14:08Z","rule.id":"999998","rule.version":"0","source.ip":"10.0.6.30","source.user.domain":"PLUMETECH.LOCAL","source.user.id":"S-1-5-21-514844351-3181471642-2638765006-1105","source.user.name":"debbie@PLUMETECH.LOCAL","threat.framework":"MITRE ATT\u0026CK","threat.indicator.description":"A lower-privileged entity performed an unusual Kerberos certificate-based authentication to a higher-privileged entity, which might indicate a malicious activity","threat.indicator.first_seen":"2025-03-28T15:19:59Z","threat.indicator.last_seen":"2025-03-28T15:19:59Z","threat.indicator.modified_at":"2025-03-28T15:19:59.722848154Z","threat.indicator.name":"Anomalous certificate-based authentication (user mismatch)","threat.indicator.provider":"crowdstrike.indicators","threat.tactic.id[0]":"TA0006","threat.tactic.name[0]":"Credential Access","threat.technique.id[0]":"T1649","threat.technique.name[0]":"Steal or Forge Authentication Certificates","trace.id":"f5a3bcad-8cd6-4a93-9686-322637679043","user.target.name":"manuel@PLUMETECH.LOCAL"}
A4: Vendor A EDR (IDP) | B4: 5 | C4: 5 | D4: 45744.676 | E4: Informational | F4: 10.0.6.30 | G4: manuel@PLUMETECH.LOCAL | H4: manuel | I4: A user performed an anomalous certificate authentication, which might indicate suspicious activity originating from the source endpoint | J4: Anomalous certificate-based authenticationIDPEvent | K4: TA0006 Credential Access | L4: T1649 Steal or Forge Authentication Certificates | M4: {"Ngsiem.alert.id":"9374a063cba648ff951d57ebc35eb15e:ind:9374a063cba648ff951d57ebc35eb15e:613BA3BD-AA2B-4585-A64F-17A932E2985F","Ngsiem.detection.id":"","Ngsiem.event.data_domain":"Identity","Ngsiem.event.id":"2ee47a50e7734019b166be464dea3134","Ngsiem.event.product":"Falcon Identity Protection","Ngsiem.event.vendor":"CrowdStrike","Ngsiem.indicator.data_domain[0]":"Identity","Ngsiem.indicator.display_name":"Anomalous certificate-based authentication","Ngsiem.indicator.id":"2ee47a50e7734019b166be464dea3134","Ngsiem.indicator.source_product[0]":"Falcon Identity Protection","Ngsiem.indicator.source_vendor[0]":"CrowdStrike","Ngsiem.metadata":"{\"Metadata\":{}}","Ngsiem.pattern.id":"51160","Ngsiem.properties":"[{\"EntitySummary:user_sid\":\"S-1-5-21-514844351-3181471642-2638765006-1103\",\"EntitySummary:username\":\"manuel@PLUMETECH.LOCAL\",\"GUID\":\"BB8DBD6B-9FAA-3A28-9AF8-6F79006B765B\",\"UIVertexType\":\"user\",\"UserName\":\"manuel@PLUMETECH.LOCAL\",\"UserSID\":\"S-1-5-21-514844351-3181471642-2638765006-1103\",\"domain\":\"User\",\"id\":\"S-1-5-21-514844351-3181471642-2638765006-1103\"},{\"EntitySummary:ip\":\"10.0.6.30\",\"IPAddress\":\"10.0.6.30\",\"UIVertexType\":\"ip_address\",\"domain\":\"IpAddress\",\"id\":\"10.0.6.30\"}]","Ngsiem.type":"Indicator","Vendor.ActivityId":"944AB1CE-34CB-42B8-B935-5ABAC1007254","Vendor.ContextTimeStamp":"133876487350000000","Vendor.DetectID":"9374a063cba648ff951d57ebc35eb15e:ind:9374a063cba648ff951d57ebc35eb15e:613BA3BD-AA2B-4585-A64F-17A932E2985F","Vendor.EventName":"CertificateBasedAuthenticationIndicator","Vendor.EventSourceName":"Anomalous certificate-based authenticationIDPEvent","Vendor.EventType":"IdpDetectionSummaryEvent","Vendor.FalconHostLink":"https://falcon.eu-1.crowdstrike.com/identity-protection/detections/9374a063cba648ff951d57ebc35eb15e:ind:9374a063cba648ff951d57ebc35eb15e:613BA3BD-AA2B-4585-A64F-17A932E2985F?_cid=g05000u56ylbfaurdzjj72wbjahc2rdu","Vendor.Objective":"Gain Access","Vendor.PatternID":"51160","Vendor.SeverityName":"Informational","Vendor.SourceEndpointAccountObjectGuid":"BB8DBD6B-9FAA-3A28-9AF8-6F79006B765B","event.action":"CertificateBasedAuthenticationIndicator","event.category[0]":"threat","event.created":"2025-03-28T15:18:55Z","event.severity":"40","event.type[0]":"indicator","process.end":"2025-03-28T15:14:08Z","process.start":"2025-03-28T15:14:08Z","rule.id":"999998","rule.version":"0","source.ip":"10.0.6.30","source.user.domain":"PLUMETECH.LOCAL","source.user.id":"S-1-5-21-514844351-3181471642-2638765006-1103","source.user.name":"manuel@PLUMETECH.LOCAL","threat.framework":"MITRE ATT\u0026CK","threat.indicator.description":"A user performed an anomalous certificate authentication, which might indicate suspicious activity originating from the source endpoint","threat.indicator.first_seen":"2025-03-28T15:19:59Z","threat.indicator.last_seen":"2025-03-28T15:19:59Z","threat.indicator.modified_at":"2025-03-28T15:19:59.710022875Z","threat.indicator.name":"Anomalous certificate-based authentication","threat.indicator.provider":"crowdstrike.indicators","threat.tactic.id[0]":"TA0006","threat.tactic.name[0]":"Credential Access","threat.technique.id[0]":"T1649","threat.technique.name[0]":"Steal or Forge Authentication Certificates","trace.id":"9eb99c5c-e7f6-4a14-8854-3133b3ef246b","user.target.name":"manuel"}

Sheet vendor_b_nids_team6_run2_objIT
A1: Rule Origin | B1: Attack Confidence Pentester A | C1: Attack Confidence Pentester B | D1: SEVERITY | E1: ID | F1: OCCURRED_AT | G1: TYPE | H1: DETECTION_QUADS | I1: SUMMARY | J1: CONTENT | K1: DETECTION | L1: ASSET_IDS | M1: SOURCE_HOST_NAME | N1: DESTINATION_HOST_NAME | O1: SOURCE_IP | P1: DESTINATION_IP | Q1: OTHER_IP | R1: SOURCE | S1: PACKET_CAPTURE_STATE
A2: Vendor B NIDS (default) | B2: 1 | C2: 1 | D2: Low | E2: 36734 | F2: 45744.663 | G2: Communication | H2: Configuration | I2: Detected 15 NewX509Certificate between 2025-03-28T14:45:57.707Z and 2025-03-28T14:54:56.456Z | J2: Sample NewX509Certificate values include: server: 20.97.190.220, 20.12.23.50, 142.250.184.195, 4.154.131.224, 3.160.150.90, 20.163.45.188, 40.69.70.68, 13.74.186.119, 20.189.173.9, 13.74.142.6; subject: , C=US, ST=WA, L=Redmond, O=Microsoft, OU=DSP, CN=*.prod.do.dsp.mp.microsoft.com, C=US, ST=WA, L=Redmond, O=Microsoft, OU=DSP, CN=fe2cr.update.microsoft.com, C=US, ST=Washington, L=Redmond, O=Microsoft Corporation, CN=login.live.com; not_before: , 2025-03-16T00:00:00Z, 2025-03-04T20:39:31Z, 2024-11-07T19:28:51Z; server_asset_id: 4111, 4110, 2808, 2615, 4107, 4106, 4104, 4114, 4108, 4113; dst__port: ('',); dns: ; uuid: b91bb837-987b-43a2-8b52-a156a058231f, a2f171bb-4453-40ca-abfd-fa839f5a05e9, 91fa61c2-2911-4be6-9a1a-4f1af98386d2, 6497950e-f3b5-46b0-b687-2b5743e15274, e13fb67a-c428-41de-a8f0-3bf3f2548ed5, 0003e30e-6ef5-4c73-b25e-c4c219cd855f, 4246147b-f108-4d54-ae6c-fd439f053950, 55e95481-c276-4f3f-b6eb-03c00ffc9f46, 00e4e171-600d-4dd8-b07e-3bf62480e017, 68711d39-e415-476a-ac5a-d39f6a3ad1ad; issuer: , C=US, ST=Washington, L=Redmond, O=Microsoft Corporation, CN=Microsoft ECC Content Distribution Secure Server CA 2.1, C=US, ST=Washington, L=Redmond, O=Microsoft Corporation, CN=Microsoft ECC Update Secure Server CA 2.1, C=US, O=DigiCert Inc, CN=DigiCert SHA2 Secure Server CA; client_asset_id: 1680, 1905, 50, 1841, 46, 1916, 1772, 1746, 1801, 1754; src__mac: ; not_after: , 2025-11-07T19:28:51Z, 2026-03-04T20:39:31Z, 2025-09-16T23:59:59Z; dst__mac: ; protocol: ; dst__ip: ; client: 10.0.1.12, 10.0.1.29, 10.0.6.29, 10.0.7.29, 10.0.4.30, 10.0.8.30, 10.0.7.12, 10.0.6.11, 10.0.7.11, 10.0.10.29; src__port: ('',); src__ip: ; | K2: X509 Certificate First Seen | L2: 1754,1841,1680,46,1772,1746,1916,1801,1905,50,4107,4111,4110,2808,2615,4106,4104,4114,4108,4113 | O2: 13.32.99.21,20.163.45.188,40.69.70.68,20.190.159.68,20.3.187.198,184.25.50.128,3.160.150.90,20.189.173.9,20.97.190.220,4.154.131.224 | P2: 10.0.6.11,10.0.7.12,10.0.7.29,10.0.1.12,10.0.7.11,10.0.6.29,10.0.8.30,10.0.10.29,10.0.4.30,10.0.2.29 | R2: b91bb837-987b-43a2-8b52-a156a058231f, a2f171bb-4453-40ca-abfd-fa839f5a05e9, 91fa61c2-2911-4be6-9a1a-4f1af98386d2, 6497950e-f3b5-46b0-b687-2b5743e15274, e13fb67a-c428-41de-a8f0-3bf3f2548ed5, 0003e30e-6ef5-4c73-b25e-c4c219cd855f, 4246147b-f108-4d54-ae6c-fd439f053950, 55e95481-c276-4f3f-b6eb-03c00ffc9f46, 00e4e171-600d-4dd8-b07e-3bf62480e017, 68711d39-e415-476a-ac5a-d39f6a3ad1ad
A3: Vendor B NIDS (default) | B3: 1 | C3: 1 | D3: Low | E3: 36740 | F3: 45744.663 | G3: Asset | H3: Configuration | I3: Detected 19 NewUserAgent between 2025-03-28T14:45:14.327Z and 2025-03-28T14:54:56.478Z | J3: Sample NewUserAgent values include: dst__port: ('',); uuid: 03d27bee-7c90-497b-956e-2ccfdf2d3776, 0a059ae3-60e4-41b2-a23e-c5281d9c7bae, 192f2110-36cc-456d-93ad-7d4a96502513, 024e851a-4fa8-49b0-9d12-c0ed966bb462, 0008335e-1627-45d3-9754-28637665152d, 07317a54-fedf-4e94-b299-8f22abc87ef4, 0034a611-d016-44e8-96ae-172c793f333f, 0484cd27-ed2f-4fdf-bf60-90e9c90932aa, c2e29799-470f-42ae-b022-2a6420d8f07f, 1aaac9d8-9dd3-49e5-b8cc-2b2e22c6c6e1; src__mac: ; src_ip: 10.0.1.12, 10.0.1.29, 10.0.6.29, 10.0.7.29, 10.0.7.12, 10.0.6.12, 10.0.2.11, 10.0.1.11, 10.0.2.29; dst__mac: ; protocol: ; src_asset_id: 1680, 45, 48, 1841, 50, 46, 1746, 1810, 44; dst__ip: ; src__port: ('',); user_agent: Microsoft-Delivery-Optimization/10.0, Microsoft BITS/7.8, Microsoft Edge Update/1.3.195.45;winhttp, Microsoft-CryptoAPI/10.0, Windows-Update-Agent/10.0.10011.16384 Client-Protocol/2.51; src__ip: ; | K3: User Agent First Seen | L3: 1841,1810,1680,46,44,1746,45,48,50 | Q3: 10.0.7.12,10.0.6.12,10.0.7.29,10.0.1.12,10.0.1.29,10.0.6.29,10.0.1.11,10.0.2.11,10.0.2.29 | R3: 03d27bee-7c90-497b-956e-2ccfdf2d3776, 0a059ae3-60e4-41b2-a23e-c5281d9c7bae, 192f2110-36cc-456d-93ad-7d4a96502513, 024e851a-4fa8-49b0-9d12-c0ed966bb462, 0008335e-1627-45d3-9754-28637665152d, 07317a54-fedf-4e94-b299-8f22abc87ef4, 0034a611-d016-44e8-96ae-172c793f333f, 0484cd27-ed2f-4fdf-bf60-90e9c90932aa, c2e29799-470f-42ae-b022-2a6420d8f07f, 1aaac9d8-9dd3-49e5-b8cc-2b2e22c6c6e1
A4: Vendor B NIDS (default) | B4: 5 | C4: 5 | D4: Medium | E4: 37628 | F4: 45744.677 | G4: Indicator | H4: Indicator | I4: Evil-WinRM User Agent | J4: Evil-WinRM User Agent | K4: WinRM Signatures | L4: 1898,1754 | O4: 10.0.6.30 | P4: 10.0.6.11 | R4: Network Traffic
A5: Vendor B NIDS (default) | B5: 5 | C5: 5 | D5: Medium | E5: 37627 | F5: 45744.677 | G5: Indicator | H5: Indicator | I5: Evil-WinRM User Agent Rapid Usage | J5: Evil-WinRM User Agent Rapid Usage | K5: WinRM Signatures | L5: 1898,1754 | O5: 10.0.6.30 | P5: 10.0.6.11 | R5: Network Traffic
A6: Vendor B NIDS (default) | B6: 5 | C6: 5 | D6: Low | E6: 37494 | F6: 45744.671 | G6: Communication | H6: Indicator | I6: Failed HTTP Logon | J6: Asset 1810 (10.0.6.12) returned an HTTP response code of 403 'Forbidden' to asset 1898 (10.0.6.30), which represents a failed logon attempt via HTTP by asset 1898. Logon attempts that result in HTTP status codes such as 401 'Unauthorized', 403 'Forbidden', or 407 'Proxy Authentication Required' can occur legitimately when users mistype credentials or attempt to access resources they are not authorized to use; however, they can also be indicative of malicious activities, such as unauthorized access attempts, brute force attacks, or the misuse of stolen credentials, where adversaries are testing access controls and trying to gain illicit entry into systems. | K6: HTTP Auth Failure | L6: 1898,1810 | O6: 10.0.6.12 | P6: 10.0.6.30 | R6: d88a5fac-8719-414f-9e6f-d6373fb7143a
A7: Vendor B NIDS (default) | B7: 5 | C7: 5 | D7: Low | E7: 38669 | F7: 45744.677 | G7: Communication | H7: Indicator | I7: Failed HTTP Logon | J7: Asset 1754 (10.0.6.11) returned an HTTP response code of 401 'Unauthorized' to asset 1898 (10.0.6.30), which represents a failed logon attempt via HTTP by asset 1898. Logon attempts that result in HTTP status codes such as 401 'Unauthorized', 403 'Forbidden', or 407 'Proxy Authentication Required' can occur legitimately when users mistype credentials or attempt to access resources they are not authorized to use; however, they can also be indicative of malicious activities, such as unauthorized access attempts, brute force attacks, or the misuse of stolen credentials, where adversaries are testing access controls and trying to gain illicit entry into systems. | K7: HTTP Auth Failure | L7: 1754,1898 | O7: 10.0.6.11 | P7: 10.0.6.30 | R7: 4321371c-da93-4380-a3e4-c4d0fe9852cc
A8: Vendor B NIDS (default) | B8: 4 | C8: 4 | D8: Low | E8: 37613 | F8: 45744.665 | G8: Communication | H8: Threat Behavior | I8: Interactive Session Pivot | J8: Asset 1749 (10.0.6.43) connected via RDP to asset 1754 (10.0.6.11) to then pivot to asset 1810 (10.0.6.12) via RDP. | K8: Interactive Session Pivots | L8: 1810,1749 | O8: 10.0.6.43 | P8: 10.0.6.12
A9: Vendor B NIDS (default) | B9: 5 | C9: 5 | D9: Low | E9: 38303 | F9: 45744.679 | G9: Communication | H9: Threat Behavior | I9: Interactive Session Pivot | J9: Asset 2896 (10.0.242.127) connected via SSH to asset 1898 (10.0.6.30) to then pivot to asset 1746 (10.0.6.29) via RDP. | K9: Interactive Session Pivots | L9: 2896,1746 | O9: 10.0.242.127 | P9: 10.0.6.29
A10: Vendor B NIDS (default) | B10: 4 | C10: 4 | D10: Low | E10: 36728 | F10: 45744.664 | G10: Communication | H10: Configuration | I10: RDP New Comms | J10: New RDP communication profile from host 10.0.6.43 (1749) to host 10.0.6.11 (1754). If unencrypted, may also include the RDP cookie (), selected protocol (hybrid_ex), client_name (), and keyboard_layout (). | K10: RDP New Comms Pattern | L10: 1749,1754 | O10: 10.0.6.43 | P10: 10.0.6.11
A11: Vendor B NIDS (default) | B11: 4 | C11: 4 | D11: Low | E11: 37463 | F11: 45744.667 | G11: Communication | H11: Configuration | I11: RDP New Comms | J11: New RDP communication profile from host 10.0.6.11 (1754) to host 10.0.6.12 (1810). If unencrypted, may also include the RDP cookie (), selected protocol (hybrid_ex), client_name (), and keyboard_layout (). | K11: RDP New Comms Pattern | L11: 1754,1810 | O11: 10.0.6.11 | P11: 10.0.6.12
A12: Vendor B NIDS (default) | B12: 5 | C12: 5 | D12: Low | E12: 39369 | F12: 45744.665 | G12: Communication | H12: Configuration | I12: SSH Authentication Failure | J12: SSH authentication failure from 10.0.242.127 to 10.0.6.30. | K12: SSH Authentication Failure | L12: 2896,1898 | O12: 10.0.242.127 | P12: 10.0.6.30 | R12: 0549b67f-ee9d-41f1-a5ae-184ed96bad3c
A13: Vendor B NIDS (default) | B13: 5 | C13: 5 | D13: Low | E13: 41716 | F13: 45744.67 | G13: Communication | H13: Configuration | I13: SSH Authentication Failure | J13: SSH authentication failure from 10.0.242.127 to 10.0.6.30. | K13: SSH Authentication Failure | L13: 2896,1898 | O13: 10.0.242.127 | P13: 10.0.6.30 | R13: 2bbafcf7-d8a2-4011-b2db-914cb112a394
A14: Vendor B NIDS (default) | B14: 5 | C14: 5 | D14: Low | E14: 41951 | F14: 45744.67 | G14: Communication | H14: Configuration | I14: SSH Authentication Failure | J14: SSH authentication failure from 10.0.242.127 to 10.0.6.30. | K14: SSH Authentication Failure | L14: 2896,1898 | O14: 10.0.242.127 | P14: 10.0.6.30 | R14: 7ae871d2-9769-49dd-a884-b77593f95ce0
A15: Vendor B NIDS (default) | B15: 1 | C15: 1 | D15: Low | E15: 37420 | F15: 45744.667 | G15: Communication | H15: Configuration | I15: X509 Certificate Seen for First Time | J15: Asset 2265 seen using a certificate that hasn't been observed before. subject: issuer: | K15: X509 Certificate First Seen | L15: 2265,2896 | O15: 10.0.6.74 | P15: 10.0.242.127 | R15: 061978ff-0928-46b4-95cd-5160e79e1b62
A16: Vendor B NIDS (default) | B16: 1 | C16: 1 | D16: Low | E16: 37422 | F16: 45744.671 | G16: Communication | H16: Configuration | I16: X509 Certificate Seen for First Time | J16: Asset 4128 seen using a certificate that hasn't been observed before. subject: issuer: | K16: X509 Certificate First Seen | L16: 4128,1898 | O16: 140.82.114.26 | P16: 10.0.6.30 | R16: 5bb91754-f145-49bd-8664-9ca0d7f339bf

Sheet wazuh_team2_run2_objIT
A1: Rule Origin | B1: Attack Confidence Pentester A | C1: Attack Confidence Pentester B | D1: timestamp UTC+1 | E1: host | F1: severity | G1: level | H1: description | I1: log
A2: Wazuh (default) | B2: 1 | C2: 1 | D2: 45744.662 | E2: ENG1 | F2: low | G2: 3 | H2: Windows Logon Success | I2: "An account was successfully logged on._x000D_ _x000D_ Subject:_x000D_ Security ID: S-1-5-18_x000D_ Account Name: ENG1$_x000D_ Account Domain: WORKGROUP_x000D_ Logon ID: 0x3E7_x000D_ _x000D_ Logon Information:_x000D_ Logon Type: 5_x000D_ Restricted Admin Mode: -_x000D_ Remote Credential Guard: -_x000D_ Virtual Account: No_x000D_ Elevated Token: Yes_x000D_ _x000D_ Impersonation Level: Impersonation_x000D_ _x000D_ New Logon:_x000D_ Security ID: S-1-5-18_x000D_ Account Name: SYSTEM_x000D_ Account Domain: NT AUTHORITY_x000D_ Logon ID: 0x3E7_x000D_ Linked Logon ID: 0x0_x000D_ Network Account Name: -_x000D_ Network Account Domain: -_x000D_ Logon GUID: {00000000-0000-0000-0000-000000000000}_x000D_ _x000D_ Process Information:_x000D_ Process ID: 0x388_x000D_ Process Name: C:\Windows\System32\services.exe_x000D_ _x000D_ Network Information:_x000D_ Workstation Name: -_x000D_ Source Network Address: -_x000D_ Source Port: -_x000D_ _x000D_ Detailed Authentication Information:_x000D_ Logon Process: Advapi _x000D_ Authentication Package: Negotiate_x000D_ Transited Services: -_x000D_ Package Name (NTLM only): -_x000D_ Key Length: 0_x000D_ _x000D_ This event is generated when a logon session is created. It is generated on the computer that was accessed._x000D_ _x000D_ The subject fields indicate the account on the local system which requested the logon. This is most commonly a service such as the Server service, or a local process such as Winlogon.exe or Services.exe._x000D_ _x000D_ The logon type field indicates the kind of logon that occurred. The most common types are 2 (interactive) and 3 (network)._x000D_ _x000D_ The New Logon fields indicate the account for whom the new logon was created, i.e. the account that was logged on._x000D_ _x000D_ The network fields indicate where a remote logon request originated. Workstation name is not always available and may be left blank in some cases._x000D_ _x000D_ The impersonation level field indicates the extent to which a process in the logon session can impersonate._x000D_ _x000D_ The authentication information fields provide detailed information about this specific logon request._x000D_ - Logon GUID is a unique identifier that can be used to correlate this event with a KDC event._x000D_ - Transited services indicate which intermediate services have participated in this logon request._x000D_ - Package name indicates which sub-protocol was used among the NTLM protocols._x000D_ - Key length indicates the length of the generated session key. This will be 0 if no session key was requested."
A3: Wazuh (default) | B3: 1 | C3: 1 | D3: 45744.662 | E3: ENG1 | F3: low | G3: 3 | H3: Windows Logon Success | I3: "An account was successfully logged on._x000D_ _x000D_ Subject:_x000D_ Security ID: S-1-5-18_x000D_ Account Name: ENG1$_x000D_ Account Domain: WORKGROUP_x000D_ Logon ID: 0x3E7_x000D_ _x000D_ Logon Information:_x000D_ Logon Type: 5_x000D_ Restricted Admin Mode: -_x000D_ Remote Credential Guard: -_x000D_ Virtual Account: No_x000D_ Elevated Token: Yes_x000D_ _x000D_ Impersonation Level: Impersonation_x000D_ _x000D_ New Logon:_x000D_ Security ID: S-1-5-18_x000D_ Account Name: SYSTEM_x000D_ Account Domain: NT AUTHORITY_x000D_ Logon ID: 0x3E7_x000D_ Linked Logon ID: 0x0_x000D_ Network Account Name: -_x000D_ Network Account Domain: -_x000D_ Logon GUID: {00000000-0000-0000-0000-000000000000}_x000D_ _x000D_ Process Information:_x000D_ Process ID: 0x388_x000D_ Process Name: C:\Windows\System32\services.exe_x000D_ _x000D_ Network Information:_x000D_ Workstation Name: -_x000D_ Source Network Address: -_x000D_ Source Port: -_x000D_ _x000D_ Detailed Authentication Information:_x000D_ Logon Process: Advapi _x000D_ Authentication Package: Negotiate_x000D_ Transited Services: -_x000D_ Package Name (NTLM only): -_x000D_ Key Length: 0_x000D_ _x000D_ This event is generated when a logon session is created. It is generated on the computer that was accessed._x000D_ _x000D_ The subject fields indicate the account on the local system which requested the logon. This is most commonly a service such as the Server service, or a local process such as Winlogon.exe or Services.exe._x000D_ _x000D_ The logon type field indicates the kind of logon that occurred. The most common types are 2 (interactive) and 3 (network)._x000D_ _x000D_ The New Logon fields indicate the account for whom the new logon was created, i.e. the account that was logged on._x000D_ _x000D_ The network fields indicate where a remote logon request originated. Workstation name is not always available and may be left blank in some cases._x000D_ _x000D_ The impersonation level field indicates the extent to which a process in the logon session can impersonate._x000D_ _x000D_ The authentication information fields provide detailed information about this specific logon request._x000D_ - Logon GUID is a unique identifier that can be used to correlate this event with a KDC event._x000D_ - Transited services indicate which intermediate services have participated in this logon request._x000D_ - Package name indicates which sub-protocol was used among the NTLM protocols._x000D_ - Key length indicates the length of the generated session key. This will be 0 if no session key was requested."
A4: Wazuh (default) | B4: 1 | C4: 1 | D4: 45744.662 | E4: OTDC1 | F4: low | G4: 3 | H4: Windows Logon Success | I4: "An account was successfully logged on._x000D_ _x000D_ Subject:_x000D_ Security ID: S-1-0-0_x000D_ Account Name: -_x000D_ Account Domain: -_x000D_ Logon ID: 0x0_x000D_ _x000D_ Logon Information:_x000D_ Logon Type: 3_x000D_ Restricted Admin Mode: -_x000D_ Virtual Account: No_x000D_ Elevated Token: Yes_x000D_ _x000D_ Impersonation Level: Impersonation_x000D_ _x000D_ New Logon:_x000D_ Security ID: S-1-5-18_x000D_ Account Name: OTDC1$_x000D_ Account Domain: PLUMETECH-OT.LOCAL_x000D_ Logon ID: 0x1D5DC1_x000D_ Linked Logon ID: 0x0_x000D_ Network Account Name: -_x000D_ Network Account Domain: -_x000D_ Logon GUID: {99982c51-e415-ae13-681d-7d2645c0c847}_x000D_ _x000D_ Process Information:_x000D_ Process ID: 0x0_x000D_ Process Name: -_x000D_ _x000D_ Network Information:_x000D_ Workstation Name: -_x000D_ Source Network Address: ::1_x000D_ Source Port: 60027_x000D_ _x000D_ Detailed Authentication Information:_x000D_ Logon Process: Kerberos_x000D_ Authentication Package: Kerberos_x000D_ Transited Services: -_x000D_ Package Name (NTLM only): -_x000D_ Key Length: 0_x000D_ _x000D_ This event is generated when a logon session is created. It is generated on the computer that was accessed._x000D_ _x000D_ The subject fields indicate the account on the local system which requested the logon. This is most commonly a service such as the Server service, or a local process such as Winlogon.exe or Services.exe._x000D_ _x000D_ The logon type field indicates the kind of logon that occurred. The most common types are 2 (interactive) and 3 (network)._x000D_ _x000D_ The New Logon fields indicate the account for whom the new logon was created, i.e. the account that was logged on._x000D_ _x000D_ The network fields indicate where a remote logon request originated. Workstation name is not always available and may be left blank in some cases._x000D_ _x000D_ The impersonation level field indicates the extent to which a process in the logon session can impersonate._x000D_ _x000D_ The authentication information fields provide detailed information about this specific logon request._x000D_ - Logon GUID is a unique identifier that can be used to correlate this event with a KDC event._x000D_ - Transited services indicate which intermediate services have participated in this logon request._x000D_ - Package name indicates which sub-protocol was used among the NTLM protocols._x000D_ - Key length indicates the length of the generated session key. This will be 0 if no session key was requested."
A5: Wazuh (default) | B5: 1 | C5: 1 | D5: 45744.662 | E5: DC1 | F5: low | G5: 3 | H5: Windows Logon Success | I5: "An account was successfully logged on._x000D_ _x000D_ Subject:_x000D_ Security ID: S-1-0-0_x000D_ Account Name: -_x000D_ Account Domain: -_x000D_ Logon ID: 0x0_x000D_ _x000D_ Logon Information:_x000D_ Logon Type: 3_x000D_ Restricted Admin Mode: -_x000D_ Virtual Account: No_x000D_ Elevated Token: Yes_x000D_ _x000D_ Impersonation Level: Impersonation_x000D_ _x000D_ New Logon:_x000D_ Security ID: S-1-5-18_x000D_ Account Name: DC1$_x000D_ Account Domain: PLUMETECH.LOCAL_x000D_ Logon ID: 0x20E6FC_x000D_ Linked Logon ID: 0x0_x000D_ Network Account Name: -_x000D_ Network Account Domain: -_x000D_ Logon GUID: {ef9e05fd-f9e9-a095-60e8-ad4a70240030}_x000D_ _x000D_ Process Information:_x000D_ Process ID: 0x0_x000D_ Process Name: -_x000D_ _x000D_ Network Information:_x000D_ Workstation Name: -_x000D_ Source Network Address: ::1_x000D_ Source Port: 64225_x000D_ _x000D_ Detailed Authentication Information:_x000D_ Logon Process: Kerberos_x000D_ Authentication Package: Kerberos_x000D_ Transited Services: -_x000D_ Package Name (NTLM only): -_x000D_ Key Length: 0_x000D_ _x000D_ This event is generated when a logon session is created. It is generated on the computer that was accessed._x000D_ _x000D_ The subject fields indicate the account on the local system which requested the logon. This is most commonly a service such as the Server service, or a local process such as Winlogon.exe or Services.exe._x000D_ _x000D_ The logon type field indicates the kind of logon that occurred. The most common types are 2 (interactive) and 3 (network)._x000D_ _x000D_ The New Logon fields indicate the account for whom the new logon was created, i.e. the account that was logged on._x000D_ _x000D_ The network fields indicate where a remote logon request originated. Workstation name is not always available and may be left blank in some cases._x000D_ _x000D_ The impersonation level field indicates the extent to which a process in the logon session can impersonate._x000D_ _x000D_ The authentication information fields provide detailed information about this specific logon request._x000D_ - Logon GUID is a unique identifier that can be used to correlate this event with a KDC event._x000D_ - Transited services indicate which intermediate services have participated in this logon request._x000D_ - Package name indicates which sub-protocol was used among the NTLM protocols._x000D_ - Key length indicates the length of the generated session key. This will be 0 if no session key was requested."
A6: Wazuh (default) | B6: 1 | C6: 1 | D6: 45744.662 | E6: ENG1 | F6: low | G6: 3 | H6: Windows User Logoff | I6: "An account was logged off._x000D_ _x000D_ Subject:_x000D_ Security ID: S-1-5-21-3248427853-3497112689-1838513565-500_x000D_ Account Name: Administrator_x000D_ Account Domain: ENG1_x000D_ Logon ID: 0x12C1E2_x000D_ _x000D_ Logon Type: 3_x000D_ _x000D_ This event is generated when a logon session is destroyed. It may be positively correlated with a logon event using the Logon ID value. Logon IDs are only unique between reboots on the same computer."
A7: Wazuh (default) | B7: 1 | C7: 1 | D7: 45744.663 | E7: ENG1 | F7: low | G7: 3 | H7: Windows Logon Success | I7: "An account was successfully logged on._x000D_ _x000D_ Subject:_x000D_ Security ID: S-1-5-18_x000D_ Account Name: ENG1$_x000D_ Account Domain: WORKGROUP_x000D_ Logon ID: 0x3E7_x000D_ _x000D_ Logon Information:_x000D_ Logon Type: 5_x000D_ Restricted Admin Mode: -_x000D_ Remote Credential Guard: -_x000D_ Virtual Account: No_x000D_ Elevated Token: Yes_x000D_ _x000D_ Impersonation Level: Impersonation_x000D_ _x000D_ New Logon:_x000D_ Security ID: S-1-5-18_x000D_ Account Name: SYSTEM_x000D_ Account Domain: NT AUTHORITY_x000D_ Logon ID: 0x3E7_x000D_ Linked Logon ID: 0x0_x000D_ Network Account Name: -_x000D_ Network Account Domain: -_x000D_ Logon GUID: {00000000-0000-0000-0000-000000000000}_x000D_ _x000D_ Process Information:_x000D_ Process ID: 0x388_x000D_ Process Name: C:\Windows\System32\services.exe_x000D_ _x000D_ Network Information:_x000D_ Workstation Name: -_x000D_ Source Network Address: -_x000D_ Source Port: -_x000D_ _x000D_ Detailed Authentication Information:_x000D_ Logon Process: Advapi _x000D_ Authentication Package: Negotiate_x000D_ Transited Services: -_x000D_ Package Name (NTLM only): -_x000D_ Key Length: 0_x000D_ _x000D_ This event is generated when a logon session is created. It is generated on the computer that was accessed._x000D_ _x000D_ The subject fields indicate the account on the local system which requested the logon. This is most commonly a service such as the Server service, or a local process such as Winlogon.exe or Services.exe._x000D_ _x000D_ The logon type field indicates the kind of logon that occurred. The most common types are 2 (interactive) and 3 (network)._x000D_ _x000D_ The New Logon fields indicate the account for whom the new logon was created, i.e. the account that was logged on._x000D_ _x000D_ The network fields indicate where a remote logon request originated. Workstation name is not always available and may be left blank in some cases._x000D_ _x000D_ The impersonation level field indicates the extent to which a process in the logon session can impersonate._x000D_ _x000D_ The authentication information fields provide detailed information about this specific logon request._x000D_ - Logon GUID is a unique identifier that can be used to correlate this event with a KDC event._x000D_ - Transited services indicate which intermediate services have participated in this logon request._x000D_ - Package name indicates which sub-protocol was used among the NTLM protocols._x000D_ - Key length indicates the length of the generated session key. This will be 0 if no session key was requested."
A8: Wazuh (default) | B8: 1 | C8: 2 | D8: 45744.663 | E8: CLI1 | F8: low | G8: 3 | H8: Windows: Service startup type was changed. | I8: 2025 Mar 28 15:54:16 WinEvtLog: System: INFORMATION(7040): Service Control Manager: SYSTEM: NT AUTHORITY: CLI1.PLUMETECH.LOCAL: The start type of the Background Intelligent Transfer Service service was changed from auto start to demand start.
A9: Wazuh (default) | B9: 1 | C9: 1 | D9: 45744.663 | E9: OTDC1 | F9: low | G9: 3 | H9: Windows Logon Success | I9: "An account was successfully logged on._x000D_ _x000D_ Subject:_x000D_ Security ID: S-1-0-0_x000D_ Account Name: -_x000D_ Account Domain: -_x000D_ Logon ID: 0x0_x000D_ _x000D_ Logon Information:_x000D_ Logon Type: 3_x000D_ Restricted Admin Mode: -_x000D_ Virtual Account: No_x000D_ Elevated Token: Yes_x000D_ _x000D_ Impersonation Level: Impersonation_x000D_ _x000D_ New Logon:_x000D_ Security ID: S-1-5-18_x000D_ Account Name: OTDC1$_x000D_ Account Domain: PLUMETECH-OT.LOCAL_x000D_ Logon ID: 0x1EA46A_x000D_ Linked Logon ID: 0x0_x000D_ Network Account Name: -_x000D_ Network Account Domain: -_x000D_ Logon GUID: {99982c51-e415-ae13-681d-7d2645c0c847}_x000D_ _x000D_ Process Information:_x000D_ Process ID: 0x0_x000D_ Process Name: -_x000D_ _x000D_ Network Information:_x000D_ Workstation Name: -_x000D_ Source Network Address: ::1_x000D_ Source Port: 60030_x000D_ _x000D_ Detailed Authentication Information:_x000D_ Logon Process: Kerberos_x000D_ Authentication Package: Kerberos_x000D_ Transited Services: -_x000D_ Package Name (NTLM only): -_x000D_ Key Length: 0_x000D_ _x000D_ This event is generated when a logon session is created. It is generated on the computer that was accessed._x000D_ _x000D_ The subject fields indicate the account on the local system which requested the logon. This is most commonly a service such as the Server service, or a local process such as Winlogon.exe or Services.exe._x000D_ _x000D_ The logon type field indicates the kind of logon that occurred. The most common types are 2 (interactive) and 3 (network)._x000D_ _x000D_ The New Logon fields indicate the account for whom the new logon was created, i.e. the account that was logged on._x000D_ _x000D_ The network fields indicate where a remote logon request originated. Workstation name is not always available and may be left blank in some cases._x000D_ _x000D_ The impersonation level field indicates the extent to which a process in the logon session can impersonate._x000D_ _x000D_ The authentication information fields provide detailed information about this specific logon request._x000D_ - Logon GUID is a unique identifier that can be used to correlate this event with a KDC event._x000D_ - Transited services indicate which intermediate services have participated in this logon request._x000D_ - Package name indicates which sub-protocol was used among the NTLM protocols._x000D_ - Key length indicates the length of the generated session key. This will be 0 if no session key was requested."
A10: Wazuh (default) | B10: 1 | C10: 1 | D10: 45744.663 | E10: OTDC1 | F10: low | G10: 3 | H10: Windows Logon Success | I10: "An account was successfully logged on._x000D_ _x000D_ Subject:_x000D_ Security ID: S-1-5-18_x000D_ Account Name: OTDC1$_x000D_ Account Domain: PLUMETECH-OT_x000D_ Logon ID: 0x3E7_x000D_ _x000D_ Logon Information:_x000D_ Logon Type: 5_x000D_ Restricted Admin Mode: -_x000D_ Virtual Account: No_x000D_ Elevated Token: Yes_x000D_ _x000D_ Impersonation Level: Impersonation_x000D_ _x000D_ New Logon:_x000D_ Security ID: S-1-5-18_x000D_ Account Name: SYSTEM_x000D_ Account Domain: NT AUTHORITY_x000D_ Logon ID: 0x3E7_x000D_ Linked Logon ID: 0x0_x000D_ Network Account Name: -_x000D_ Network Account Domain: -_x000D_ Logon GUID: {00000000-0000-0000-0000-000000000000}_x000D_ _x000D_ Process Information:_x000D_ Process ID: 0x330_x000D_ Process Name: C:\Windows\System32\services.exe_x000D_ _x000D_ Network Information:_x000D_ Workstation Name: -_x000D_ Source Network Address: -_x000D_ Source Port: -_x000D_ _x000D_ Detailed Authentication Information:_x000D_ Logon Process: Advapi _x000D_ Authentication Package: Negotiate_x000D_ Transited Services: -_x000D_ Package Name (NTLM only): -_x000D_ Key Length: 0_x000D_ _x000D_ This event is generated when a logon session is created. It is generated on the computer that was accessed._x000D_ _x000D_ The subject fields indicate the account on the local system which requested the logon. This is most commonly a service such as the Server service, or a local process such as Winlogon.exe or Services.exe._x000D_ _x000D_ The logon type field indicates the kind of logon that occurred. The most common types are 2 (interactive) and 3 (network)._x000D_ _x000D_ The New Logon fields indicate the account for whom the new logon was created, i.e. the account that was logged on._x000D_ _x000D_ The network fields indicate where a remote logon request originated. Workstation name is not always available and may be left blank in some cases._x000D_ _x000D_ The impersonation level field indicates the extent to which a process in the logon session can impersonate._x000D_ _x000D_ The authentication information fields provide detailed information about this specific logon request._x000D_ - Logon GUID is a unique identifier that can be used to correlate this event with a KDC event._x000D_ - Transited services indicate which intermediate services have participated in this logon request._x000D_ - Package name indicates which sub-protocol was used among the NTLM protocols._x000D_ - Key length indicates the length of the generated session key. This will be 0 if no session key was requested."
A11: Wazuh (default) | B11: 1 | C11: 1 | D11: 45744.663 | E11: OTDC1 | F11: low | G11: 3 | H11: Windows Logon Success | I11: "An account was successfully logged on._x000D_ _x000D_ Subject:_x000D_ Security ID: S-1-5-18_x000D_ Account Name: OTDC1$_x000D_ Account Domain: PLUMETECH-OT_x000D_ Logon ID: 0x3E7_x000D_ _x000D_ Logon Information:_x000D_ Logon Type: 5_x000D_ Restricted Admin Mode: -_x000D_ Virtual Account: No_x000D_ Elevated Token: Yes_x000D_ _x000D_ Impersonation Level: Impersonation_x000D_ _x000D_ New Logon:_x000D_ Security ID: S-1-5-18_x000D_ Account Name: SYSTEM_x000D_ Account Domain: NT AUTHORITY_x000D_ Logon ID: 0x3E7_x000D_ Linked Logon ID: 0x0_x000D_ Network Account Name: -_x000D_ Network Account Domain: -_x000D_ Logon GUID: {00000000-0000-0000-0000-000000000000}_x000D_ _x000D_ Process Information:_x000D_ Process ID: 0x330_x000D_ Process Name: C:\Windows\System32\services.exe_x000D_ _x000D_ Network Information:_x000D_ Workstation Name: -_x000D_ Source Network Address: -_x000D_ Source Port: -_x000D_ _x000D_ Detailed Authentication Information:_x000D_ Logon Process: Advapi _x000D_ Authentication Package: Negotiate_x000D_ Transited Services: -_x000D_ Package Name (NTLM only): -_x000D_ Key Length: 0_x000D_ _x000D_ This event is generated when a logon session is created. It is generated on the computer that was accessed._x000D_ _x000D_ The subject fields indicate the account on the local system which requested the logon. This is most commonly a service such as the Server service, or a local process such as Winlogon.exe or Services.exe._x000D_ _x000D_ The logon type field indicates the kind of logon that occurred. The most common types are 2 (interactive) and 3 (network)._x000D_ _x000D_ The New Logon fields indicate the account for whom the new logon was created, i.e. the account that was logged on._x000D_ _x000D_ The network fields indicate where a remote logon request originated. Workstation name is not always available and may be left blank in some cases._x000D_ _x000D_ The impersonation level field indicates the extent to which a process in the logon session can impersonate._x000D_ _x000D_ The authentication information fields provide detailed information about this specific logon request._x000D_ - Logon GUID is a unique identifier that can be used to correlate this event with a KDC event._x000D_ - Transited services indicate which intermediate services have participated in this logon request._x000D_ - Package name indicates which sub-protocol was used among the NTLM protocols._x000D_ - Key length indicates the length of the generated session key. This will be 0 if no session key was requested."
A12: Wazuh (default) | B12: 1 | C12: 1 | D12: 45744.663 | E12: DC1 | F12: low | G12: 3 | H12: Windows Logon Success | I12: "An account was successfully logged on._x000D_ _x000D_ Subject:_x000D_ Security ID: S-1-0-0_x000D_ Account Name: -_x000D_ Account Domain: -_x000D_ Logon ID: 0x0_x000D_ _x000D_ Logon Information:_x000D_ Logon Type: 3_x000D_ Restricted Admin Mode: -_x000D_ Virtual Account: No_x000D_ Elevated Token: Yes_x000D_ _x000D_ Impersonation Level: Impersonation_x000D_ _x000D_ New Logon:_x000D_ Security ID: S-1-5-18_x000D_ Account Name: DC1$_x000D_ Account Domain: PLUMETECH.LOCAL_x000D_ Logon ID: 0x22246C_x000D_ Linked Logon ID: 0x0_x000D_ Network Account Name: -_x000D_ Network Account Domain: -_x000D_ Logon GUID: {ef9e05fd-f9e9-a095-60e8-ad4a70240030}_x000D_ _x000D_ Process Information:_x000D_ Process ID: 0x0_x000D_ Process Name: -_x000D_ _x000D_ Network Information:_x000D_ Workstation Name: -_x000D_ Source Network Address: ::1_x000D_ Source Port: 64226_x000D_ _x000D_ Detailed Authentication Information:_x000D_ Logon Process: Kerberos_x000D_ Authentication Package: Kerberos_x000D_ Transited Services: -_x000D_ Package Name (NTLM only): -_x000D_ Key Length: 0_x000D_ _x000D_ This event is generated when a logon session is created. It is generated on the computer that was accessed._x000D_ _x000D_ The subject fields indicate the account on the local system which requested the logon. This is most commonly a service such as the Server service, or a local process such as Winlogon.exe or Services.exe._x000D_ _x000D_ The logon type field indicates the kind of logon that occurred. The most common types are 2 (interactive) and 3 (network)._x000D_ _x000D_ The New Logon fields indicate the account for whom the new logon was created, i.e. the account that was logged on._x000D_ _x000D_ The network fields indicate where a remote logon request originated. Workstation name is not always available and may be left blank in some cases._x000D_ _x000D_ The impersonation level field indicates the extent to which a process in the logon session can impersonate._x000D_ _x000D_ The authentication information fields provide detailed information about this specific logon request._x000D_ - Logon GUID is a unique identifier that can be used to correlate this event with a KDC event._x000D_ - Transited services indicate which intermediate services have participated in this logon request._x000D_ - Package name indicates which sub-protocol was used among the NTLM protocols._x000D_ - Key length indicates the length of the generated session key. This will be 0 if no session key was requested."
A13: Wazuh (default) | B13: 1 | C13: 1 | D13: 45744.663 | E13: OTDC1 | F13: low | G13: 3 | H13: Windows Logon Success | I13: "An account was successfully logged on._x000D_ _x000D_ Subject:_x000D_ Security ID: S-1-0-0_x000D_ Account Name: -_x000D_ Account Domain: -_x000D_ Logon ID: 0x0_x000D_ _x000D_ Logon Information:_x000D_ Logon Type: 3_x000D_ Restricted Admin Mode: -_x000D_ Virtual Account: No_x000D_ Elevated Token: Yes_x000D_ _x000D_ Impersonation Level: Impersonation_x000D_ _x000D_ New Logon:_x000D_ Security ID: S-1-5-18_x000D_ Account Name: OTDC1$_x000D_ Account Domain: PLUMETECH-OT.LOCAL_x000D_ Logon ID: 0x204E7D_x000D_ Linked Logon ID: 0x0_x000D_ Network Account Name: -_x000D_ Network Account Domain: -_x000D_ Logon GUID: {99982c51-e415-ae13-681d-7d2645c0c847}_x000D_ _x000D_ Process Information:_x000D_ Process ID: 0x0_x000D_ Process Name: -_x000D_ _x000D_ Network Information:_x000D_ Workstation Name: -_x000D_ Source Network Address: ::1_x000D_ Source Port: 60039_x000D_ _x000D_ Detailed Authentication Information:_x000D_ Logon Process: Kerberos_x000D_ Authentication Package: Kerberos_x000D_ Transited Services: -_x000D_ Package Name (NTLM only): -_x000D_ Key Length: 0_x000D_ _x000D_ This event is generated when a logon session is created. It is generated on the computer that was accessed._x000D_ _x000D_ The subject fields indicate the account on the local system which requested the logon. This is most commonly a service such as the Server service, or a local process such as Winlogon.exe or Services.exe._x000D_ _x000D_ The logon type field indicates the kind of logon that occurred. The most common types are 2 (interactive) and 3 (network)._x000D_ _x000D_ The New Logon fields indicate the account for whom the new logon was created, i.e. the account that was logged on._x000D_ _x000D_ The network fields indicate where a remote logon request originated. Workstation name is not always available and may be left blank in some cases._x000D_ _x000D_ The impersonation level field indicates the extent to which a process in the logon session can impersonate._x000D_ _x000D_ The authentication information fields provide detailed information about this specific logon request._x000D_ - Logon GUID is a unique identifier that can be used to correlate this event with a KDC event._x000D_ - Transited services indicate which intermediate services have participated in this logon request._x000D_ - Package name indicates which sub-protocol was used among the NTLM protocols._x000D_ - Key length indicates the length of the generated session key. This will be 0 if no session key was requested."
... A807: Wazuh (default) | B807: 1 | C807: 1 | D807: 45744.683 | E807: DC1 | F807: low | G807: 3 | H807: Windows Logon Success | I807: "An account was successfully logged on._x000D_ _x000D_ Subject:_x000D_ Security ID: S-1-0-0_x000D_ Account Name: -_x000D_ Account Domain: -_x000D_ Logon ID: 0x0_x000D_ _x000D_ Logon Information:_x000D_ Logon Type: 3_x000D_ Restricted Admin Mode: -_x000D_ Virtual Account: No_x000D_ Elevated Token: Yes_x000D_ _x000D_ Impersonation Level: Impersonation_x000D_ _x000D_ New Logon:_x000D_ Security ID: S-1-5-18_x000D_ Account Name: DC1$_x000D_ Account Domain: PLUMETECH.LOCAL_x000D_ Logon ID: 0xF76DCF_x000D_ Linked Logon ID: 0x0_x000D_ Network Account Name: -_x000D_ Network Account Domain: -_x000D_ Logon GUID: {ef9e05fd-f9e9-a095-60e8-ad4a70240030}_x000D_ _x000D_ Process Information:_x000D_ Process ID: 0x0_x000D_ Process Name: -_x000D_ _x000D_ Network Information:_x000D_ Workstation Name: -_x000D_ Source Network Address: fe80::fb99:f4a5:ccd0:5773_x000D_ Source Port: 62105_x000D_ _x000D_ Detailed Authentication Information:_x000D_ Logon Process: Kerberos_x000D_ Authentication Package: Kerberos_x000D_ Transited Services: -_x000D_ Package Name (NTLM only): -_x000D_ Key Length: 0_x000D_ _x000D_ This event is generated when a logon session is created. It is generated on the computer that was accessed._x000D_ _x000D_ The subject fields indicate the account on the local system which requested the logon. This is most commonly a service such as the Server service, or a local process such as Winlogon.exe or Services.exe._x000D_ _x000D_ The logon type field indicates the kind of logon that occurred. The most common types are 2 (interactive) and 3 (network)._x000D_ _x000D_ The New Logon fields indicate the account for whom the new logon was created, i.e. the account that was logged on._x000D_ _x000D_ The network fields indicate where a remote logon request originated. Workstation name is not always available and may be left blank in some cases._x000D_ _x000D_ The impersonation level field indicates the extent to which a process in the logon session can impersonate._x000D_ _x000D_ The authentication information fields provide detailed information about this specific logon request._x000D_ - Logon GUID is a unique identifier that can be used to correlate this event with a KDC event._x000D_ - Transited services indicate which intermediate services have participated in this logon request._x000D_ - Package name indicates which sub-protocol was used among the NTLM protocols._x000D_ - Key length indicates the length of the generated session key. This will be 0 if no session key was requested."

Sheet wazuh_team2_run2_objOT
A1: Rule Origin | B1: Attack Confidence Pentester A | C1: Attack Confidence Pentester B | D1: timestamp UTC+1 | E1: host | F1: severity | G1: level | H1: description | I1: log
A2: Wazuh (default) | B2: 1 | C2: 1 | D2: 45744.684 | E2: OTDC1 | F2: low | G2: 3 | H2: Windows Logon Success | I2: "An account was successfully logged on._x000D_ _x000D_ Subject:_x000D_ Security ID: S-1-0-0_x000D_ Account Name: -_x000D_ Account Domain: -_x000D_ Logon ID: 0x0_x000D_ _x000D_ Logon Information:_x000D_ Logon Type: 3_x000D_ Restricted Admin Mode: -_x000D_ Virtual Account: No_x000D_ Elevated Token: Yes_x000D_ _x000D_ Impersonation Level: Impersonation_x000D_ _x000D_ New Logon:_x000D_ Security ID: S-1-5-18_x000D_ Account Name: OTDC1$_x000D_ Account Domain: PLUMETECH-OT.LOCAL_x000D_ Logon ID: 0xF35E7A_x000D_ Linked Logon ID: 0x0_x000D_ Network Account Name: -_x000D_ Network Account Domain: -_x000D_ Logon GUID: {99982c51-e415-ae13-681d-7d2645c0c847}_x000D_ _x000D_ Process Information:_x000D_ Process ID: 0x0_x000D_ Process Name: -_x000D_ _x000D_ Network Information:_x000D_ Workstation Name: -_x000D_ Source Network Address: ::1_x000D_ Source Port: 59442_x000D_ _x000D_ Detailed Authentication Information:_x000D_ Logon Process: Kerberos_x000D_ Authentication Package: Kerberos_x000D_ Transited Services: -_x000D_ Package Name (NTLM only): -_x000D_ Key Length: 0_x000D_ _x000D_ This event is generated when a logon session is created. It is generated on the computer that was accessed._x000D_ _x000D_ The subject fields indicate the account on the local system which requested the logon. This is most commonly a service such as the Server service, or a local process such as Winlogon.exe or Services.exe._x000D_ _x000D_ The logon type field indicates the kind of logon that occurred. The most common types are 2 (interactive) and 3 (network)._x000D_ _x000D_ The New Logon fields indicate the account for whom the new logon was created, i.e. the account that was logged on._x000D_ _x000D_ The network fields indicate where a remote logon request originated. Workstation name is not always available and may be left blank in some cases._x000D_ _x000D_ The impersonation level field indicates the extent to which a process in the logon session can impersonate._x000D_ _x000D_ The authentication information fields provide detailed information about this specific logon request._x000D_ - Logon GUID is a unique identifier that can be used to correlate this event with a KDC event._x000D_ - Transited services indicate which intermediate services have participated in this logon request._x000D_ - Package name indicates which sub-protocol was used among the NTLM protocols._x000D_ - Key length indicates the length of the generated session key. This will be 0 if no session key was requested."
A3: Wazuh (default) | B3: 1 | C3: 1 | D3: 45744.684 | E3: DC1 | F3: low | G3: 3 | H3: Windows Logon Success | I3: "An account was successfully logged on._x000D_ _x000D_ Subject:_x000D_ Security ID: S-1-0-0_x000D_ Account Name: -_x000D_ Account Domain: -_x000D_ Logon ID: 0x0_x000D_ _x000D_ Logon Information:_x000D_ Logon Type: 3_x000D_ Restricted Admin Mode: -_x000D_ Virtual Account: No_x000D_ Elevated Token: Yes_x000D_ _x000D_ Impersonation Level: Impersonation_x000D_ _x000D_ New Logon:_x000D_ Security ID: S-1-5-18_x000D_ Account Name: DC1$_x000D_ Account Domain: PLUMETECH.LOCAL_x000D_ Logon ID: 0xFC13E8_x000D_ Linked Logon ID: 0x0_x000D_ Network Account Name: -_x000D_ Network Account Domain: -_x000D_ Logon GUID: {ef9e05fd-f9e9-a095-60e8-ad4a70240030}_x000D_ _x000D_ Process Information:_x000D_ Process ID: 0x0_x000D_ Process Name: -_x000D_ _x000D_ Network Information:_x000D_ Workstation Name: -_x000D_ Source Network Address: ::1_x000D_ Source Port: 62107_x000D_ _x000D_ Detailed Authentication Information:_x000D_ Logon Process: Kerberos_x000D_ Authentication Package: Kerberos_x000D_ Transited Services: -_x000D_ Package Name (NTLM only): -_x000D_ Key Length: 0_x000D_ _x000D_ This event is generated when a logon session is created. It is generated on the computer that was accessed._x000D_ _x000D_ The subject fields indicate the account on the local system which requested the logon. This is most commonly a service such as the Server service, or a local process such as Winlogon.exe or Services.exe._x000D_ _x000D_ The logon type field indicates the kind of logon that occurred. The most common types are 2 (interactive) and 3 (network)._x000D_ _x000D_ The New Logon fields indicate the account for whom the new logon was created, i.e. the account that was logged on._x000D_ _x000D_ The network fields indicate where a remote logon request originated. Workstation name is not always available and may be left blank in some cases._x000D_ _x000D_ The impersonation level field indicates the extent to which a process in the logon session can impersonate._x000D_ _x000D_ The authentication information fields provide detailed information about this specific logon request._x000D_ - Logon GUID is a unique identifier that can be used to correlate this event with a KDC event._x000D_ - Transited services indicate which intermediate services have participated in this logon request._x000D_ - Package name indicates which sub-protocol was used among the NTLM protocols._x000D_ - Key length indicates the length of the generated session key. This will be 0 if no session key was requested."
A4: Wazuh (default) | B4: 1 | C4: 1 | D4: 45744.684 | E4: DC1 | F4: low | G4: 3 | H4: Windows Logon Success | I4: "An account was successfully logged on._x000D_ _x000D_ Subject:_x000D_ Security ID: S-1-0-0_x000D_ Account Name: -_x000D_ Account Domain: -_x000D_ Logon ID: 0x0_x000D_ _x000D_ Logon Information:_x000D_ Logon Type: 3_x000D_ Restricted Admin Mode: -_x000D_ Virtual Account: No_x000D_ Elevated Token: Yes_x000D_ _x000D_ Impersonation Level: Impersonation_x000D_ _x000D_ New Logon:_x000D_ Security ID: S-1-5-18_x000D_ Account Name: DC1$_x000D_ Account Domain: PLUMETECH.LOCAL_x000D_ Logon ID: 0xFC4858_x000D_ Linked Logon ID: 0x0_x000D_ Network Account Name: -_x000D_ Network Account Domain: -_x000D_ Logon GUID: {ef9e05fd-f9e9-a095-60e8-ad4a70240030}_x000D_ _x000D_ Process Information:_x000D_ Process ID: 0x0_x000D_ Process Name: -_x000D_ _x000D_ Network Information:_x000D_ Workstation Name: -_x000D_ Source Network Address: fe80::fb99:f4a5:ccd0:5773_x000D_ Source Port: 62108_x000D_ _x000D_ Detailed Authentication Information:_x000D_ Logon Process: Kerberos_x000D_ Authentication Package: Kerberos_x000D_ Transited Services: -_x000D_ Package Name (NTLM only): -_x000D_ Key Length: 0_x000D_ _x000D_ This event is generated when a logon session is created. It is generated on the computer that was accessed._x000D_ _x000D_ The subject fields indicate the account on the local system which requested the logon. This is most commonly a service such as the Server service, or a local process such as Winlogon.exe or Services.exe._x000D_ _x000D_ The logon type field indicates the kind of logon that occurred. The most common types are 2 (interactive) and 3 (network)._x000D_ _x000D_ The New Logon fields indicate the account for whom the new logon was created, i.e. the account that was logged on._x000D_ _x000D_ The network fields indicate where a remote logon request originated. Workstation name is not always available and may be left blank in some cases._x000D_ _x000D_ The impersonation level field indicates the extent to which a process in the logon session can impersonate._x000D_ _x000D_ The authentication information fields provide detailed information about this specific logon request._x000D_ - Logon GUID is a unique identifier that can be used to correlate this event with a KDC event._x000D_ - Transited services indicate which intermediate services have participated in this logon request._x000D_ - Package name indicates which sub-protocol was used among the NTLM protocols._x000D_ - Key length indicates the length of the generated session key. This will be 0 if no session key was requested."
A5: Wazuh (default) | B5: 1 | C5: 1 | D5: 45744.684 | E5: DC1 | F5: low | G5: 3 | H5: Windows Logon Success | I5: "An account was successfully logged on._x000D_ _x000D_ Subject:_x000D_ Security ID: S-1-0-0_x000D_ Account Name: -_x000D_ Account Domain: -_x000D_ Logon ID: 0x0_x000D_ _x000D_ Logon Information:_x000D_ Logon Type: 3_x000D_ Restricted Admin Mode: -_x000D_ Virtual Account: No_x000D_ Elevated Token: Yes_x000D_ _x000D_ Impersonation Level: Impersonation_x000D_ _x000D_ New Logon:_x000D_ Security ID: S-1-5-18_x000D_ Account Name: DC1$_x000D_ Account Domain: PLUMETECH.LOCAL_x000D_ Logon ID: 0xFC491B_x000D_ Linked Logon ID: 0x0_x000D_ Network Account Name: -_x000D_ Network Account Domain: -_x000D_ Logon GUID: {ef9e05fd-f9e9-a095-60e8-ad4a70240030}_x000D_ _x000D_ Process Information:_x000D_ Process ID: 0x0_x000D_ Process Name: -_x000D_ _x000D_ Network Information:_x000D_ Workstation Name: -_x000D_ Source Network Address: fe80::fb99:f4a5:ccd0:5773_x000D_ Source Port: 62109_x000D_ _x000D_ Detailed Authentication Information:_x000D_ Logon Process: Kerberos_x000D_ Authentication Package: Kerberos_x000D_ Transited Services: -_x000D_ Package Name (NTLM only): -_x000D_ Key Length: 0_x000D_ _x000D_ This event is generated when a logon session is created. It is generated on the computer that was accessed._x000D_ _x000D_ The subject fields indicate the account on the local system which requested the logon. This is most commonly a service such as the Server service, or a local process such as Winlogon.exe or Services.exe._x000D_ _x000D_ The logon type field indicates the kind of logon that occurred. The most common types are 2 (interactive) and 3 (network)._x000D_ _x000D_ The New Logon fields indicate the account for whom the new logon was created, i.e. the account that was logged on._x000D_ _x000D_ The network fields indicate where a remote logon request originated. Workstation name is not always available and may be left blank in some cases._x000D_ _x000D_ The impersonation level field indicates the extent to which a process in the logon session can impersonate._x000D_ _x000D_ The authentication information fields provide detailed information about this specific logon request._x000D_ - Logon GUID is a unique identifier that can be used to correlate this event with a KDC event._x000D_ - Transited services indicate which intermediate services have participated in this logon request._x000D_ - Package name indicates which sub-protocol was used among the NTLM protocols._x000D_ - Key length indicates the length of the generated session key. This will be 0 if no session key was requested."
A6: Wazuh (default) | B6: 1 | C6: 1 | D6: 45744.684 | E6: OTDC1 | F6: low | G6: 3 | H6: Windows Logon Success | I6: "An account was successfully logged on._x000D_ _x000D_ Subject:_x000D_ Security ID: S-1-0-0_x000D_ Account Name: -_x000D_ Account Domain: -_x000D_ Logon ID: 0x0_x000D_ _x000D_ Logon Information:_x000D_ Logon Type: 3_x000D_ Restricted Admin Mode: -_x000D_ Virtual Account: No_x000D_ Elevated Token: Yes_x000D_ _x000D_ Impersonation Level: Impersonation_x000D_ _x000D_ New Logon:_x000D_ Security ID: S-1-5-18_x000D_ Account Name: OTDC1$_x000D_ Account Domain: PLUMETECH-OT.LOCAL_x000D_ Logon ID: 0xF3F5EB_x000D_ Linked Logon ID: 0x0_x000D_ Network Account Name: -_x000D_ Network Account Domain: -_x000D_ Logon GUID: {99982c51-e415-ae13-681d-7d2645c0c847}_x000D_ _x000D_ Process Information:_x000D_ Process ID: 0x0_x000D_ Process Name: -_x000D_ _x000D_ Network Information:_x000D_ Workstation Name: -_x000D_ Source Network Address: ::1_x000D_ Source Port: 59443_x000D_ _x000D_ Detailed Authentication Information:_x000D_ Logon Process: Kerberos_x000D_ Authentication Package: Kerberos_x000D_ Transited Services: -_x000D_ Package Name (NTLM only): -_x000D_ Key Length: 0_x000D_ _x000D_ This event is generated when a logon session is created. It is generated on the computer that was accessed._x000D_ _x000D_ The subject fields indicate the account on the local system which requested the logon. This is most commonly a service such as the Server service, or a local process such as Winlogon.exe or Services.exe._x000D_ _x000D_ The logon type field indicates the kind of logon that occurred. The most common types are 2 (interactive) and 3 (network)._x000D_ _x000D_ The New Logon fields indicate the account for whom the new logon was created, i.e. the account that was logged on._x000D_ _x000D_ The network fields indicate where a remote logon request originated. Workstation name is not always available and may be left blank in some cases._x000D_ _x000D_ The impersonation level field indicates the extent to which a process in the logon session can impersonate._x000D_ _x000D_ The authentication information fields provide detailed information about this specific logon request._x000D_ - Logon GUID is a unique identifier that can be used to correlate this event with a KDC event._x000D_ - Transited services indicate which intermediate services have participated in this logon request._x000D_ - Package name indicates which sub-protocol was used among the NTLM protocols._x000D_ - Key length indicates the length of the generated session key. This will be 0 if no session key was requested."
A7: Wazuh (default) | B7: 1 | C7: 1 | D7: 45744.684 | E7: DC1 | F7: low | G7: 3 | H7: Windows Logon Success | I7: "An account was successfully logged on._x000D_ _x000D_ Subject:_x000D_ Security ID: S-1-0-0_x000D_ Account Name: -_x000D_ Account Domain: -_x000D_ Logon ID: 0x0_x000D_ _x000D_ Logon Information:_x000D_ Logon Type: 3_x000D_ Restricted Admin Mode: -_x000D_ Virtual Account: No_x000D_ Elevated Token: Yes_x000D_ _x000D_ Impersonation Level: Impersonation_x000D_ _x000D_ New Logon:_x000D_ Security ID: S-1-5-18_x000D_ Account Name: DC1$_x000D_ Account Domain: PLUMETECH.LOCAL_x000D_ Logon ID: 0xFCA325_x000D_ Linked Logon ID: 0x0_x000D_ Network Account Name: -_x000D_ Network Account Domain: -_x000D_ Logon GUID: {ef9e05fd-f9e9-a095-60e8-ad4a70240030}_x000D_ _x000D_ Process Information:_x000D_ Process ID: 0x0_x000D_ Process Name: -_x000D_ _x000D_ Network Information:_x000D_ Workstation Name: -_x000D_ Source Network Address: ::1_x000D_ Source Port: 62110_x000D_ _x000D_ Detailed Authentication Information:_x000D_ Logon Process: Kerberos_x000D_ Authentication Package: Kerberos_x000D_ Transited Services: -_x000D_ Package Name (NTLM only): -_x000D_ Key Length: 0_x000D_ _x000D_ This event is generated when a logon session is created. It is generated on the computer that was accessed._x000D_ _x000D_ The subject fields indicate the account on the local system which requested the logon. This is most commonly a service such as the Server service, or a local process such as Winlogon.exe or Services.exe._x000D_ _x000D_ The logon type field indicates the kind of logon that occurred. The most common types are 2 (interactive) and 3 (network)._x000D_ _x000D_ The New Logon fields indicate the account for whom the new logon was created, i.e. the account that was logged on._x000D_ _x000D_ The network fields indicate where a remote logon request originated. Workstation name is not always available and may be left blank in some cases._x000D_ _x000D_ The impersonation level field indicates the extent to which a process in the logon session can impersonate._x000D_ _x000D_ The authentication information fields provide detailed information about this specific logon request._x000D_ - Logon GUID is a unique identifier that can be used to correlate this event with a KDC event._x000D_ - Transited services indicate which intermediate services have participated in this logon request._x000D_ - Package name indicates which sub-protocol was used among the NTLM protocols._x000D_ - Key length indicates the length of the generated session key. This will be 0 if no session key was requested."
A8: Wazuh (default) | B8: 1 | C8: 1 | D8: 45744.685 | E8: DC1 | F8: low | G8: 3 | H8: Windows Logon Success | I8: "An account was successfully logged on._x000D_ _x000D_ Subject:_x000D_ Security ID: S-1-0-0_x000D_ Account Name: -_x000D_ Account Domain: -_x000D_ Logon ID: 0x0_x000D_ _x000D_ Logon Information:_x000D_ Logon Type: 3_x000D_ Restricted Admin Mode: -_x000D_ Virtual Account: No_x000D_ Elevated Token: Yes_x000D_ _x000D_ Impersonation Level: Impersonation_x000D_ _x000D_ New Logon:_x000D_ Security ID: S-1-5-18_x000D_ Account Name: DC1$_x000D_ Account Domain: PLUMETECH.LOCAL_x000D_ Logon ID: 0xFCE25E_x000D_ Linked Logon ID: 0x0_x000D_ Network Account Name: -_x000D_ Network Account Domain: -_x000D_ Logon GUID: {ef9e05fd-f9e9-a095-60e8-ad4a70240030}_x000D_ _x000D_ Process Information:_x000D_ Process ID: 0x0_x000D_ Process Name: -_x000D_ _x000D_ Network Information:_x000D_ Workstation Name: -_x000D_ Source Network Address: fe80::fb99:f4a5:ccd0:5773_x000D_ Source Port: 62111_x000D_ _x000D_ Detailed Authentication Information:_x000D_ Logon Process: Kerberos_x000D_ Authentication Package: Kerberos_x000D_ Transited Services: -_x000D_ Package Name (NTLM only): -_x000D_ Key Length: 0_x000D_ _x000D_ This event is generated when a logon session is created. It is generated on the computer that was accessed._x000D_ _x000D_ The subject fields indicate the account on the local system which requested the logon. This is most commonly a service such as the Server service, or a local process such as Winlogon.exe or Services.exe._x000D_ _x000D_ The logon type field indicates the kind of logon that occurred. The most common types are 2 (interactive) and 3 (network)._x000D_ _x000D_ The New Logon fields indicate the account for whom the new logon was created, i.e. the account that was logged on._x000D_ _x000D_ The network fields indicate where a remote logon request originated. Workstation name is not always available and may be left blank in some cases._x000D_ _x000D_ The impersonation level field indicates the extent to which a process in the logon session can impersonate._x000D_ _x000D_ The authentication information fields provide detailed information about this specific logon request._x000D_ - Logon GUID is a unique identifier that can be used to correlate this event with a KDC event._x000D_ - Transited services indicate which intermediate services have participated in this logon request._x000D_ - Package name indicates which sub-protocol was used among the NTLM protocols._x000D_ - Key length indicates the length of the generated session key. This will be 0 if no session key was requested."
A9: Wazuh (default) | B9: 1 | C9: 1 | D9: 45744.685 | E9: DC1 | F9: low | G9: 3 | H9: Windows Logon Success | I9: "An account was successfully logged on._x000D_ _x000D_ Subject:_x000D_ Security ID: S-1-0-0_x000D_ Account Name: -_x000D_ Account Domain: -_x000D_ Logon ID: 0x0_x000D_ _x000D_ Logon Information:_x000D_ Logon Type: 3_x000D_ Restricted Admin Mode: -_x000D_ Virtual Account: No_x000D_ Elevated Token: Yes_x000D_ _x000D_ Impersonation Level: Impersonation_x000D_ _x000D_ New Logon:_x000D_ Security ID: S-1-5-18_x000D_ Account Name: DC1$_x000D_ Account Domain: PLUMETECH.LOCAL_x000D_ Logon ID: 0xFCE321_x000D_ Linked Logon ID: 0x0_x000D_ Network Account Name: -_x000D_ Network Account Domain: -_x000D_ Logon GUID: {ef9e05fd-f9e9-a095-60e8-ad4a70240030}_x000D_ _x000D_ Process Information:_x000D_ Process ID: 0x0_x000D_ Process Name: -_x000D_ _x000D_ Network Information:_x000D_ Workstation Name: -_x000D_ Source Network Address: fe80::fb99:f4a5:ccd0:5773_x000D_ Source Port: 62112_x000D_ _x000D_ Detailed Authentication Information:_x000D_ Logon Process: Kerberos_x000D_ Authentication Package: Kerberos_x000D_ Transited Services: -_x000D_ Package Name (NTLM only): -_x000D_ Key Length: 0_x000D_ _x000D_ This event is generated when a logon session is created. It is generated on the computer that was accessed._x000D_ _x000D_ The subject fields indicate the account on the local system which requested the logon. This is most commonly a service such as the Server service, or a local process such as Winlogon.exe or Services.exe._x000D_ _x000D_ The logon type field indicates the kind of logon that occurred. The most common types are 2 (interactive) and 3 (network)._x000D_ _x000D_ The New Logon fields indicate the account for whom the new logon was created, i.e. the account that was logged on._x000D_ _x000D_ The network fields indicate where a remote logon request originated. Workstation name is not always available and may be left blank in some cases._x000D_ _x000D_ The impersonation level field indicates the extent to which a process in the logon session can impersonate._x000D_ _x000D_ The authentication information fields provide detailed information about this specific logon request._x000D_ - Logon GUID is a unique identifier that can be used to correlate this event with a KDC event._x000D_ - Transited services indicate which intermediate services have participated in this logon request._x000D_ - Package name indicates which sub-protocol was used among the NTLM protocols._x000D_ - Key length indicates the length of the generated session key. This will be 0 if no session key was requested."
A10: Suricata (ET ruleset) | B10: 5 | C10: 5 | D10: 45744.685 | E10: suricata | F10: low | G10: 3 | H10: Informational Suricata Alert: ET INFO RDP - Response To External Host | I10: {"timestamp":"2025-03-28T15:25:57.467710+0000","flow_id":1590030538122364,"in_iface":"ens5","event_type":"alert","src_ip":"10.0.2.44","src_port":3389,"dest_ip":"10.0.2.30","dest_port":37008,"proto":"TCP","pkt_src":"vxlan encapsulation","metadata":{"flowbits":["ms.rdp.established"]},"community_id":"1:jGJklSWr9VEXkR/ifcM3zI+xXP4=","alert":{"action":"allowed","gid":1,"signature_id":2001330,"rev":10,"signature":"ET INFO RDP - Response To External Host","category":"Misc activity","severity":3,"source":{"ip":"10.0.2.30","port":37008},"target":{"ip":"10.0.2.44","port":3389},"metadata":{"attack_target":["Client_and_Server"],"confidence":["Medium"],"created_at":["2010_07_30"],"deployment":["Perimeter"],"performance_impact":["Significant"],"reviewed_at":["2024_05_02"],"signature_severity":["Informational"],"updated_at":["2023_04_25"]}},"tunnel":{"src_ip":"10.0.2.44","src_port":65478,"dest_ip":"10.0.2.9","dest_port":4789,"proto":"UDP","depth":1,"pkt_src":"wire/pcap"},"app_proto":"rdp","direction":"to_client","flow":{"pkts_toserver":6,"pkts_toclient":5,"bytes_toserver":418,"bytes_toclient":295,"start":"2025-03-28T15:25:57.108063+0000","src_ip":"10.0.2.30","dest_ip":"10.0.2.44","src_port":37008,"dest_port":3389},"source":"suricata"}
A11: Suricata (ET ruleset) | B11: 5 | C11: 5 | D11: 45744.685 | E11: suricata | F11: low | G11: 3 | H11: Informational Suricata Alert: ET INFO RDP - Response To External Host | I11: {"timestamp":"2025-03-28T15:25:57.468569+0000","flow_id":1590030538122364,"in_iface":"ens5","event_type":"alert","src_ip":"10.0.2.44","src_port":3389,"dest_ip":"10.0.2.30","dest_port":37008,"proto":"TCP","pkt_src":"vxlan encapsulation","metadata":{"flowbits":["ms.rdp.established"]},"community_id":"1:jGJklSWr9VEXkR/ifcM3zI+xXP4=","alert":{"action":"allowed","gid":1,"signature_id":2001330,"rev":10,"signature":"ET INFO RDP - Response To External Host","category":"Misc activity","severity":3,"source":{"ip":"10.0.2.30","port":37008},"target":{"ip":"10.0.2.44","port":3389},"metadata":{"attack_target":["Client_and_Server"],"confidence":["Medium"],"created_at":["2010_07_30"],"deployment":["Perimeter"],"performance_impact":["Significant"],"reviewed_at":["2024_05_02"],"signature_severity":["Informational"],"updated_at":["2023_04_25"]}},"tunnel":{"src_ip":"10.0.2.30","src_port":65507,"dest_ip":"10.0.2.9","dest_port":4789,"proto":"UDP","depth":1,"pkt_src":"wire/pcap"},"app_proto":"rdp","direction":"to_client","flow":{"pkts_toserver":7,"pkts_toclient":6,"bytes_toserver":470,"bytes_toclient":366,"start":"2025-03-28T15:25:57.108063+0000","src_ip":"10.0.2.30","dest_ip":"10.0.2.44","src_port":37008,"dest_port":3389},"capture_file":"/var/log/suricata/nsm_data//log.pcap.1743175190","source":"suricata"}
A12: Wazuh (default) | B12: 1 | C12: 1 | D12: 45744.685 | E12: DC1 | F12: low | G12: 3 | H12: Windows Logon Success | I12: "An account was successfully logged on._x000D_ _x000D_ Subject:_x000D_ Security ID: S-1-0-0_x000D_ Account Name: -_x000D_ Account Domain: -_x000D_ Logon ID: 0x0_x000D_ _x000D_ Logon Information:_x000D_ Logon Type: 3_x000D_ Restricted Admin Mode: -_x000D_ Virtual Account: No_x000D_ Elevated Token: Yes_x000D_ _x000D_ Impersonation Level: Impersonation_x000D_ _x000D_ New Logon:_x000D_ Security ID: S-1-5-18_x000D_ Account Name: DC1$_x000D_ Account Domain: PLUMETECH.LOCAL_x000D_ Logon ID: 0xFCEAA1_x000D_ Linked Logon ID: 0x0_x000D_ Network Account Name: -_x000D_ Network Account Domain: -_x000D_ Logon GUID: {ef9e05fd-f9e9-a095-60e8-ad4a70240030}_x000D_ _x000D_ Process Information:_x000D_ Process ID: 0x0_x000D_ Process Name: -_x000D_ _x000D_ Network Information:_x000D_ Workstation Name: -_x000D_ Source Network Address: fe80::fb99:f4a5:ccd0:5773_x000D_ Source Port: 62113_x000D_ _x000D_ Detailed Authentication Information:_x000D_ Logon Process: Kerberos_x000D_ Authentication Package: Kerberos_x000D_ Transited Services: -_x000D_ Package Name (NTLM only): -_x000D_ Key Length: 0_x000D_ _x000D_ This event is generated when a logon session is created. It is generated on the computer that was accessed._x000D_ _x000D_ The subject fields indicate the account on the local system which requested the logon. This is most commonly a service such as the Server service, or a local process such as Winlogon.exe or Services.exe._x000D_ _x000D_ The logon type field indicates the kind of logon that occurred. The most common types are 2 (interactive) and 3 (network)._x000D_ _x000D_ The New Logon fields indicate the account for whom the new logon was created, i.e. the account that was logged on._x000D_ _x000D_ The network fields indicate where a remote logon request originated. Workstation name is not always available and may be left blank in some cases._x000D_ _x000D_ The impersonation level field indicates the extent to which a process in the logon session can impersonate._x000D_ _x000D_ The authentication information fields provide detailed information about this specific logon request._x000D_ - Logon GUID is a unique identifier that can be used to correlate this event with a KDC event._x000D_ - Transited services indicate which intermediate services have participated in this logon request._x000D_ - Package name indicates which sub-protocol was used among the NTLM protocols._x000D_ - Key length indicates the length of the generated session key. This will be 0 if no session key was requested."
A13: Wazuh (default) | B13: 1 | C13: 1 | D13: 45744.685 | E13: DC1 | F13: low | G13: 3 | H13: Windows Logon Success | I13: "An account was successfully logged on._x000D_ _x000D_ Subject:_x000D_ Security ID: S-1-0-0_x000D_ Account Name: -_x000D_ Account Domain: -_x000D_ Logon ID: 0x0_x000D_ _x000D_ Logon Information:_x000D_ Logon Type: 3_x000D_ Restricted Admin Mode: -_x000D_ Virtual Account: No_x000D_ Elevated Token: Yes_x000D_ _x000D_ Impersonation Level: Impersonation_x000D_ _x000D_ New Logon:_x000D_ Security ID: S-1-5-18_x000D_ Account Name: DC1$_x000D_ Account Domain: PLUMETECH.LOCAL_x000D_ Logon ID: 0xFCEB05_x000D_ Linked Logon ID: 0x0_x000D_ Network Account Name: -_x000D_ Network Account Domain: -_x000D_ Logon GUID: {ef9e05fd-f9e9-a095-60e8-ad4a70240030}_x000D_ _x000D_ Process Information:_x000D_ Process ID: 0x0_x000D_ Process Name: -_x000D_ _x000D_ Network Information:_x000D_ Workstation Name: -_x000D_ Source Network Address: fe80::fb99:f4a5:ccd0:5773_x000D_ Source Port: 62114_x000D_ _x000D_ Detailed Authentication Information:_x000D_ Logon Process: Kerberos_x000D_ Authentication Package: Kerberos_x000D_ Transited Services: -_x000D_ Package Name (NTLM only): -_x000D_ Key Length: 0_x000D_ _x000D_ This event is generated when a logon session is created. It is generated on the computer that was accessed._x000D_ _x000D_ The subject fields indicate the account on the local system which requested the logon. This is most commonly a service such as the Server service, or a local process such as Winlogon.exe or Services.exe._x000D_ _x000D_ The logon type field indicates the kind of logon that occurred. The most common types are 2 (interactive) and 3 (network)._x000D_ _x000D_ The New Logon fields indicate the account for whom the new logon was created, i.e. the account that was logged on._x000D_ _x000D_ The network fields indicate where a remote logon request originated. Workstation name is not always available and may be left blank in some cases._x000D_ _x000D_ The impersonation level field indicates the extent to which a process in the logon session can impersonate._x000D_ _x000D_ The authentication information fields provide detailed information about this specific logon request._x000D_ - Logon GUID is a unique identifier that can be used to correlate this event with a KDC event._x000D_ - Transited services indicate which intermediate services have participated in this logon request._x000D_ - Package name indicates which sub-protocol was used among the NTLM protocols._x000D_ - Key length indicates the length of the generated session key. This will be 0 if no session key was requested."
... A310: Wazuh (default) | B310: 1 | C310: 1 | D310: 45744.698 | E310: DC1 | F310: low | G310: 3 | H310: Windows Logon Success | I310: "An account was successfully logged on._x000D_ _x000D_ Subject:_x000D_ Security ID: S-1-0-0_x000D_ Account Name: -_x000D_ Account Domain: -_x000D_ Logon ID: 0x0_x000D_ _x000D_ Logon Information:_x000D_ Logon Type: 3_x000D_ Restricted Admin Mode: -_x000D_ Virtual Account: No_x000D_ Elevated Token: Yes_x000D_ _x000D_ Impersonation Level: Impersonation_x000D_ _x000D_ New Logon:_x000D_ Security ID: S-1-5-18_x000D_ Account Name: DC1$_x000D_ Account Domain: PLUMETECH.LOCAL_x000D_ Logon ID: 0x104686C_x000D_ Linked Logon ID: 0x0_x000D_ Network Account Name: -_x000D_ Network Account Domain: -_x000D_ Logon GUID: {ef9e05fd-f9e9-a095-60e8-ad4a70240030}_x000D_ _x000D_ Process Information:_x000D_ Process ID: 0x0_x000D_ Process Name: -_x000D_ _x000D_ Network Information:_x000D_ Workstation Name: -_x000D_ Source Network Address: ::1_x000D_ Source Port: 54264_x000D_ _x000D_ Detailed Authentication Information:_x000D_ Logon Process: Kerberos_x000D_ Authentication Package: Kerberos_x000D_ Transited Services: -_x000D_ Package Name (NTLM only): -_x000D_ Key Length: 0_x000D_ _x000D_ This event is generated when a logon session is created. It is generated on the computer that was accessed._x000D_ _x000D_ The subject fields indicate the account on the local system which requested the logon. This is most commonly a service such as the Server service, or a local process such as Winlogon.exe or Services.exe._x000D_ _x000D_ The logon type field indicates the kind of logon that occurred. The most common types are 2 (interactive) and 3 (network)._x000D_ _x000D_ The New Logon fields indicate the account for whom the new logon was created, i.e. the account that was logged on._x000D_ _x000D_ The network fields indicate where a remote logon request originated. Workstation name is not always available and may be left blank in some cases._x000D_ _x000D_ The impersonation level field indicates the extent to which a process in the logon session can impersonate._x000D_ _x000D_ The authentication information fields provide detailed information about this specific logon request._x000D_ - Logon GUID is a unique identifier that can be used to correlate this event with a KDC event._x000D_ - Transited services indicate which intermediate services have participated in this logon request._x000D_ - Package name indicates which sub-protocol was used among the NTLM protocols._x000D_ - Key length indicates the length of the generated session key. This will be 0 if no session key was requested."

Sheet vendor_a_edr_team2_run2
A1: Rule Origin | B1: Attack Confidence Pentester A | C1: Attack Confidence Pentester B | D1: timestamp | E1: Host | F1: severity_name | G1: severity | H1: description | I1: cmdline | J1: files_written | K1: entities
A2: Vendor A EDR (default) | B2: 5 | C2: 4 | D2: 45744.689 | E2: 10.0.2.44 | F2: Critical | G2: 90 | H2: A process appears to be accessing credentials and might be dumping passwords. If this is unexpected, review the process tree. | I2: "C:\Windows\system32\taskmgr.exe" /7

Sheet vendor_a_idp_team2_run2
A1: Rule Origin | B1: Attack Confidence Pentester A | C1: Attack Confidence Pentester B | D1: process.start | E1: Vendor.SeverityName | F1: source.ip | G1: source.user.name | H1: user.target.name | I1: threat.indicator.description | J1: Vendor.EventSourceName | K1: Tactic | L1: Technique | M1: @rawstring
A2: Vendor A EDR (IDP) | B2: 5 | C2: 5 | D2: 45744.68 | E2: Informational | F2: 10.0.2.30 | G2: marla@PLUMETECH.LOCAL | H2: marla | I2: A user performed an anomalous certificate authentication, which might indicate suspicious activity originating from the source endpoint | J2: Anomalous certificate-based authenticationIDPEvent | K2: TA0006 Credential Access | L2: T1649 Steal or Forge Authentication Certificates | M2: {"Ngsiem.alert.id":"9374a063cba648ff951d57ebc35eb15e:ind:9374a063cba648ff951d57ebc35eb15e:1C1180E9-B108-44F7-A98F-54E98F1F7A8D","Ngsiem.detection.id":"","Ngsiem.event.data_domain":"Identity","Ngsiem.event.id":"e51d6d67de5540a695193543c82e5968","Ngsiem.event.product":"Falcon Identity Protection","Ngsiem.event.vendor":"CrowdStrike","Ngsiem.indicator.data_domain[0]":"Identity","Ngsiem.indicator.display_name":"Anomalous certificate-based authentication","Ngsiem.indicator.id":"e51d6d67de5540a695193543c82e5968","Ngsiem.indicator.source_product[0]":"Falcon Identity Protection","Ngsiem.indicator.source_vendor[0]":"CrowdStrike","Ngsiem.metadata":"{\"Metadata\":{}}","Ngsiem.pattern.id":"51160","Ngsiem.properties":"[{\"EntitySummary:user_sid\":\"S-1-5-21-514844351-3181471642-2638765006-1116\",\"EntitySummary:username\":\"marla@PLUMETECH.LOCAL\",\"GUID\":\"CF8A5623-B0D5-3BC7-811D-62B47A72B0B2\",\"UIVertexType\":\"user\",\"UserName\":\"marla@PLUMETECH.LOCAL\",\"UserSID\":\"S-1-5-21-514844351-3181471642-2638765006-1116\",\"domain\":\"User\",\"id\":\"S-1-5-21-514844351-3181471642-2638765006-1116\"},{\"EntitySummary:ip\":\"10.0.2.30\",\"IPAddress\":\"10.0.2.30\",\"UIVertexType\":\"ip_address\",\"domain\":\"IpAddress\",\"id\":\"10.0.2.30\"}]","Ngsiem.type":"Indicator","Vendor.ActivityId":"615CF1AB-EE3B-485A-BDDA-059C386E22CE","Vendor.ContextTimeStamp":"133876489140000000","Vendor.DetectID":"9374a063cba648ff951d57ebc35eb15e:ind:9374a063cba648ff951d57ebc35eb15e:1C1180E9-B108-44F7-A98F-54E98F1F7A8D","Vendor.EventName":"CertificateBasedAuthenticationIndicator","Vendor.EventSourceName":"Anomalous certificate-based authenticationIDPEvent","Vendor.EventType":"IdpDetectionSummaryEvent","Vendor.FalconHostLink":"https://falcon.eu-1.crowdstrike.com/identity-protection/detections/9374a063cba648ff951d57ebc35eb15e:ind:9374a063cba648ff951d57ebc35eb15e:1C1180E9-B108-44F7-A98F-54E98F1F7A8D?_cid=g05000u56ylbfaurdzjj72wbjahc2rdu","Vendor.Objective":"Gain Access","Vendor.PatternID":"51160","Vendor.SeverityName":"Informational","Vendor.SourceEndpointAccountObjectGuid":"CF8A5623-B0D5-3BC7-811D-62B47A72B0B2","event.action":"CertificateBasedAuthenticationIndicator","event.category[0]":"threat","event.created":"2025-03-28T15:21:54Z","event.severity":"40","event.type[0]":"indicator","process.end":"2025-03-28T15:18:41Z","process.start":"2025-03-28T15:18:41Z","rule.id":"999998","rule.version":"0","source.ip":"10.0.2.30","source.user.domain":"PLUMETECH.LOCAL","source.user.id":"S-1-5-21-514844351-3181471642-2638765006-1116","source.user.name":"marla@PLUMETECH.LOCAL","threat.framework":"MITRE ATT\u0026CK","threat.indicator.description":"A user performed an anomalous certificate authentication, which might indicate suspicious activity originating from the source endpoint","threat.indicator.first_seen":"2025-03-28T15:22:59Z","threat.indicator.last_seen":"2025-03-28T15:22:59Z","threat.indicator.modified_at":"2025-03-28T15:23:00.017771032Z","threat.indicator.name":"Anomalous certificate-based authentication","threat.indicator.provider":"crowdstrike.indicators","threat.tactic.id[0]":"TA0006","threat.tactic.name[0]":"Credential Access","threat.technique.id[0]":"T1649","threat.technique.name[0]":"Steal or Forge Authentication Certificates","trace.id":"e5e0107e-d45a-45da-83ba-23e4a27d1fa8","user.target.name":"marla"}
A3: Vendor A EDR (IDP) | B3: 5 | C3: 5 | D3: 45744.68 | E3: Informational | F3: 10.0.2.30 | G3: calvin@PLUMETECH.LOCAL | H3: marla@PLUMETECH.LOCAL | I3: A lower-privileged entity performed an unusual Kerberos certificate-based authentication to a higher-privileged entity, which might indicate a malicious activity | J3: Anomalous certificate-based authentication (user mismatch)IDPEvent | K3: TA0006 Credential Access | L3: T1649 Steal or Forge Authentication Certificates | M3: {"Ngsiem.alert.id":"9374a063cba648ff951d57ebc35eb15e:ind:9374a063cba648ff951d57ebc35eb15e:C3792A5B-AEAC-495B-A89E-D8F641CFF55E","Ngsiem.detection.id":"","Ngsiem.event.data_domain":"Identity","Ngsiem.event.id":"5d5ea4a73cca40b68488a648fe00a69a","Ngsiem.event.product":"Falcon Identity Protection","Ngsiem.event.vendor":"CrowdStrike","Ngsiem.indicator.data_domain[0]":"Identity","Ngsiem.indicator.display_name":"Anomalous certificate-based authentication (user mismatch)","Ngsiem.indicator.id":"5d5ea4a73cca40b68488a648fe00a69a","Ngsiem.indicator.source_product[0]":"Falcon Identity Protection","Ngsiem.indicator.source_vendor[0]":"CrowdStrike","Ngsiem.metadata":"{\"Metadata\":{}}","Ngsiem.pattern.id":"51161","Ngsiem.properties":"[{\"EntitySummary:user_sid\":\"S-1-5-21-514844351-3181471642-2638765006-1115\",\"EntitySummary:username\":\"calvin@PLUMETECH.LOCAL\",\"GUID\":\"CF8A5623-B0D5-3BC7-811D-62B47A72B0B2\",\"UIVertexType\":\"user\",\"UserName\":\"calvin@PLUMETECH.LOCAL\",\"UserSID\":\"S-1-5-21-514844351-3181471642-2638765006-1115\",\"domain\":\"User\",\"id\":\"S-1-5-21-514844351-3181471642-2638765006-1115\"},{\"EntitySummary:ip\":\"10.0.2.30\",\"IPAddress\":\"10.0.2.30\",\"UIVertexType\":\"ip_address\",\"domain\":\"IpAddress\",\"id\":\"10.0.2.30\"}]","Ngsiem.type":"Indicator","Vendor.ActivityId":"615CF1AB-EE3B-485A-BDDA-059C386E22CE","Vendor.ContextTimeStamp":"133876489140000000","Vendor.DetectID":"9374a063cba648ff951d57ebc35eb15e:ind:9374a063cba648ff951d57ebc35eb15e:C3792A5B-AEAC-495B-A89E-D8F641CFF55E","Vendor.EventName":"CertificateBasedAuthenticationUserMismatchIndicator","Vendor.EventSourceName":"Anomalous certificate-based authentication (user mismatch)IDPEvent","Vendor.EventType":"IdpDetectionSummaryEvent","Vendor.FalconHostLink":"https://falcon.eu-1.crowdstrike.com/identity-protection/detections/9374a063cba648ff951d57ebc35eb15e:ind:9374a063cba648ff951d57ebc35eb15e:C3792A5B-AEAC-495B-A89E-D8F641CFF55E?_cid=g05000u56ylbfaurdzjj72wbjahc2rdu","Vendor.Objective":"Gain Access","Vendor.PatternID":"51161","Vendor.SeverityName":"Informational","Vendor.SourceEndpointAccountObjectGuid":"CF8A5623-B0D5-3BC7-811D-62B47A72B0B2","event.action":"CertificateBasedAuthenticationUserMismatchIndicator","event.category[0]":"threat","event.created":"2025-03-28T15:21:54Z","event.severity":"60","event.type[0]":"indicator","process.end":"2025-03-28T15:18:41Z","process.start":"2025-03-28T15:18:41Z","rule.id":"999998","rule.version":"0","source.ip":"10.0.2.30","source.user.domain":"PLUMETECH.LOCAL","source.user.id":"S-1-5-21-514844351-3181471642-2638765006-1115","source.user.name":"calvin@PLUMETECH.LOCAL","threat.framework":"MITRE ATT\u0026CK","threat.indicator.description":"A lower-privileged entity performed an unusual Kerberos certificate-based authentication to a higher-privileged entity, which might indicate a malicious activity","threat.indicator.first_seen":"2025-03-28T15:22:58Z","threat.indicator.last_seen":"2025-03-28T15:22:58Z","threat.indicator.modified_at":"2025-03-28T15:22:58.31414247Z","threat.indicator.name":"Anomalous certificate-based authentication (user mismatch)","threat.indicator.provider":"crowdstrike.indicators","threat.tactic.id[0]":"TA0006","threat.tactic.name[0]":"Credential Access","threat.technique.id[0]":"T1649","threat.technique.name[0]":"Steal or Forge Authentication Certificates","trace.id":"d257c36f-515a-4a24-97c7-23a9d305d82b","user.target.name":"marla@PLUMETECH.LOCAL"}
A4: Vendor A EDR (IDP) | B4: 5 | C4: 5 | D4: 45744.68 | E4: Informational | F4: 10.0.2.30 | G4: marla@PLUMETECH.LOCAL | H4: marla | I4: A user executed a self-request for a Ticket Granting Service (TGS), following a Kerberos certificate-based authentication, which might indicate a malicious activity | J4: Anomalous certificate-based authentication (unusual TGS request)IDPEvent | K4: TA0006 Credential Access | L4: T1003 OS Credential Dumping | M4: {"Ngsiem.alert.id":"9374a063cba648ff951d57ebc35eb15e:ind:9374a063cba648ff951d57ebc35eb15e:3121B726-2110-4EA8-A93C-4E6F68F7E06C","Ngsiem.detection.id":"","Ngsiem.event.data_domain":"Identity","Ngsiem.event.id":"c1ee12c7faec47f0891f60ca1bb1d41d","Ngsiem.event.product":"Falcon Identity Protection","Ngsiem.event.vendor":"CrowdStrike","Ngsiem.indicator.data_domain[0]":"Identity","Ngsiem.indicator.display_name":"Anomalous certificate-based authentication (unusual TGS request)","Ngsiem.indicator.id":"c1ee12c7faec47f0891f60ca1bb1d41d","Ngsiem.indicator.source_product[0]":"Falcon Identity Protection","Ngsiem.indicator.source_vendor[0]":"CrowdStrike","Ngsiem.metadata":"{\"Metadata\":{}}","Ngsiem.pattern.id":"51162","Ngsiem.properties":"[{\"EntitySummary:ip\":\"10.0.2.30\",\"IPAddress\":\"10.0.2.30\",\"UIVertexType\":\"ip_address\",\"domain\":\"IpAddress\",\"id\":\"10.0.2.30\"},{\"EntitySummary:user_sid\":\"S-1-5-21-514844351-3181471642-2638765006-1116\",\"EntitySummary:username\":\"marla@PLUMETECH.LOCAL\",\"GUID\":\"CF8A5623-B0D5-3BC7-811D-62B47A72B0B2\",\"UIVertexType\":\"user\",\"UserName\":\"marla@PLUMETECH.LOCAL\",\"UserSID\":\"S-1-5-21-514844351-3181471642-2638765006-1116\",\"domain\":\"User\",\"id\":\"S-1-5-21-514844351-3181471642-2638765006-1116\"}]","Ngsiem.type":"Indicator","Vendor.ActivityId":"F9FBA4C6-B476-4A03-8D5C-383C62FC1643","Vendor.ContextTimeStamp":"133876489130000000","Vendor.DetectID":"9374a063cba648ff951d57ebc35eb15e:ind:9374a063cba648ff951d57ebc35eb15e:3121B726-2110-4EA8-A93C-4E6F68F7E06C","Vendor.EventName":"CertificateBasedAuthenticationSelfUserTicketIndicator","Vendor.EventSourceName":"Anomalous certificate-based authentication (unusual TGS request)IDPEvent","Vendor.EventType":"IdpDetectionSummaryEvent","Vendor.FalconHostLink":"https://falcon.eu-1.crowdstrike.com/identity-protection/detections/9374a063cba648ff951d57ebc35eb15e:ind:9374a063cba648ff951d57ebc35eb15e:3121B726-2110-4EA8-A93C-4E6F68F7E06C?_cid=g05000u56ylbfaurdzjj72wbjahc2rdu","Vendor.Objective":"Gain Access","Vendor.PatternID":"51162","Vendor.SeverityName":"Informational","Vendor.SourceEndpointAccountObjectGuid":"CF8A5623-B0D5-3BC7-811D-62B47A72B0B2","Vendor.TargetServiceAccessIdentifier":"marla","event.action":"CertificateBasedAuthenticationSelfUserTicketIndicator","event.category[0]":"threat","event.created":"2025-03-28T15:21:53Z","event.severity":"60","event.type[0]":"indicator","process.end":"2025-03-28T15:18:41Z","process.start":"2025-03-28T15:18:41Z","rule.id":"999998","rule.version":"0","source.ip":"10.0.2.30","source.user.domain":"PLUMETECH.LOCAL","source.user.id":"S-1-5-21-514844351-3181471642-2638765006-1116","source.user.name":"marla@PLUMETECH.LOCAL","threat.framework":"MITRE ATT\u0026CK","threat.indicator.description":"A user executed a self-request for a Ticket Granting Service (TGS), following a Kerberos certificate-based authentication, which might indicate a malicious activity","threat.indicator.first_seen":"2025-03-28T15:22:56Z","threat.indicator.last_seen":"2025-03-28T15:22:56Z","threat.indicator.modified_at":"2025-03-28T15:22:56.654398973Z","threat.indicator.name":"Anomalous certificate-based authentication (unusual TGS request)","threat.indicator.provider":"crowdstrike.indicators","threat.tactic.id[0]":"TA0006","threat.tactic.name[0]":"Credential Access","threat.technique.id[0]":"T1003","threat.technique.name[0]":"OS Credential Dumping","trace.id":"7017b624-4a93-4222-b34b-2912d9d436d3","user.target.name":"marla"}

Sheet vendor_b_nids_team2_run2_objIT
A1: Rule Origin | B1: Attack Confidence Pentester A | C1: Attack Confidence Pentester B | D1: SEVERITY | E1: ID | F1: OCCURRED_AT | G1: TYPE | H1: DETECTION_QUADS | I1: SUMMARY | J1: CONTENT | K1: DETECTION | L1: ASSET_IDS | M1: SOURCE_HOST_NAME | N1: DESTINATION_HOST_NAME | O1: SOURCE_IP | P1: DESTINATION_IP | Q1: OTHER_IP | R1: SOURCE | S1: PACKET_CAPTURE_STATE
A2: Vendor B NIDS (default) | B2: 1 | C2: 1 | D2: Low | E2: 36734 | F2: 45744.663 | G2: Communication | H2: Configuration | I2: Detected 15 NewX509Certificate between 2025-03-28T14:45:57.707Z and 2025-03-28T14:54:56.456Z | J2: Sample NewX509Certificate values include: server: 20.97.190.220, 20.12.23.50, 142.250.184.195, 4.154.131.224, 3.160.150.90, 20.163.45.188, 40.69.70.68, 13.74.186.119, 20.189.173.9, 13.74.142.6; subject: , C=US, ST=WA, L=Redmond, O=Microsoft, OU=DSP, CN=*.prod.do.dsp.mp.microsoft.com, C=US, ST=WA, L=Redmond, O=Microsoft, OU=DSP, CN=fe2cr.update.microsoft.com, C=US, ST=Washington, L=Redmond, O=Microsoft Corporation, CN=login.live.com; not_before: , 2025-03-16T00:00:00Z, 2025-03-04T20:39:31Z, 2024-11-07T19:28:51Z; server_asset_id: 4111, 4110, 2808, 2615, 4107, 4106, 4104, 4114, 4108, 4113; dst__port: ('',); dns: ; uuid: b91bb837-987b-43a2-8b52-a156a058231f, a2f171bb-4453-40ca-abfd-fa839f5a05e9, 91fa61c2-2911-4be6-9a1a-4f1af98386d2, 6497950e-f3b5-46b0-b687-2b5743e15274, e13fb67a-c428-41de-a8f0-3bf3f2548ed5, 0003e30e-6ef5-4c73-b25e-c4c219cd855f, 4246147b-f108-4d54-ae6c-fd439f053950, 55e95481-c276-4f3f-b6eb-03c00ffc9f46, 00e4e171-600d-4dd8-b07e-3bf62480e017, 68711d39-e415-476a-ac5a-d39f6a3ad1ad; issuer: , C=US, ST=Washington, L=Redmond, O=Microsoft Corporation, CN=Microsoft ECC Content Distribution Secure Server CA 2.1, C=US, ST=Washington, L=Redmond, O=Microsoft Corporation, CN=Microsoft ECC Update Secure Server CA 2.1, C=US, O=DigiCert Inc, CN=DigiCert SHA2 Secure Server CA; client_asset_id: 1680, 1905, 50, 1841, 46, 1916, 1772, 1746, 1801, 1754; src__mac: ; not_after: , 2025-11-07T19:28:51Z, 2026-03-04T20:39:31Z, 2025-09-16T23:59:59Z; dst__mac: ; protocol: ; dst__ip: ; client: 10.0.1.12, 10.0.1.29, 10.0.6.29, 10.0.7.29, 10.0.4.30, 10.0.8.30, 10.0.7.12, 10.0.6.11, 10.0.7.11, 10.0.10.29; src__port: ('',); src__ip: ; | K2: X509 Certificate First Seen | L2: 1754,1841,1680,46,1772,1746,1916,1801,1905,50,4107,4111,4110,2808,2615,4106,4104,4114,4108,4113 | O2: 13.32.99.21,20.163.45.188,40.69.70.68,20.190.159.68,20.3.187.198,184.25.50.128,3.160.150.90,20.189.173.9,20.97.190.220,4.154.131.224 | P2: 10.0.6.11,10.0.7.12,10.0.7.29,10.0.1.12,10.0.7.11,10.0.6.29,10.0.8.30,10.0.10.29,10.0.4.30,10.0.2.29 | R2: b91bb837-987b-43a2-8b52-a156a058231f, a2f171bb-4453-40ca-abfd-fa839f5a05e9, 91fa61c2-2911-4be6-9a1a-4f1af98386d2, 6497950e-f3b5-46b0-b687-2b5743e15274, e13fb67a-c428-41de-a8f0-3bf3f2548ed5, 0003e30e-6ef5-4c73-b25e-c4c219cd855f, 4246147b-f108-4d54-ae6c-fd439f053950, 55e95481-c276-4f3f-b6eb-03c00ffc9f46, 00e4e171-600d-4dd8-b07e-3bf62480e017, 68711d39-e415-476a-ac5a-d39f6a3ad1ad
A3: Vendor B NIDS (default) | B3: 1 | C3: 1 | D3: Low | E3: 36740 | F3: 45744.663 | G3: Asset | H3: Configuration | I3: Detected 19 NewUserAgent between 2025-03-28T14:45:14.327Z and 2025-03-28T14:54:56.478Z | J3: Sample NewUserAgent values include: dst__port: ('',); uuid: 03d27bee-7c90-497b-956e-2ccfdf2d3776, 0a059ae3-60e4-41b2-a23e-c5281d9c7bae, 192f2110-36cc-456d-93ad-7d4a96502513, 024e851a-4fa8-49b0-9d12-c0ed966bb462, 0008335e-1627-45d3-9754-28637665152d, 07317a54-fedf-4e94-b299-8f22abc87ef4, 0034a611-d016-44e8-96ae-172c793f333f, 0484cd27-ed2f-4fdf-bf60-90e9c90932aa, c2e29799-470f-42ae-b022-2a6420d8f07f, 1aaac9d8-9dd3-49e5-b8cc-2b2e22c6c6e1; src__mac: ; src_ip: 10.0.1.12, 10.0.1.29, 10.0.6.29, 10.0.7.29, 10.0.7.12, 10.0.6.12, 10.0.2.11, 10.0.1.11, 10.0.2.29; dst__mac: ; protocol: ; src_asset_id: 1680, 45, 48, 1841, 50, 46, 1746, 1810, 44; dst__ip: ; src__port: ('',); user_agent: Microsoft-Delivery-Optimization/10.0, Microsoft BITS/7.8, Microsoft Edge Update/1.3.195.45;winhttp, Microsoft-CryptoAPI/10.0, Windows-Update-Agent/10.0.10011.16384 Client-Protocol/2.51; src__ip: ; | K3: User Agent First Seen | L3: 1841,1810,1680,46,44,1746,45,48,50 | Q3: 10.0.7.12,10.0.6.12,10.0.7.29,10.0.1.12,10.0.1.29,10.0.6.29,10.0.1.11,10.0.2.11,10.0.2.29 | R3: 03d27bee-7c90-497b-956e-2ccfdf2d3776, 0a059ae3-60e4-41b2-a23e-c5281d9c7bae, 192f2110-36cc-456d-93ad-7d4a96502513, 024e851a-4fa8-49b0-9d12-c0ed966bb462, 0008335e-1627-45d3-9754-28637665152d, 07317a54-fedf-4e94-b299-8f22abc87ef4, 0034a611-d016-44e8-96ae-172c793f333f, 0484cd27-ed2f-4fdf-bf60-90e9c90932aa, c2e29799-470f-42ae-b022-2a6420d8f07f, 1aaac9d8-9dd3-49e5-b8cc-2b2e22c6c6e1
A4: Vendor B NIDS (default) | B4: 1 | C4: 1 | D4: Low | E4: 37464 | F4: 45744.676 | G4: Communication | H4: Configuration | I4: Detected 25 NewSourceEth between 2025-03-28T15:09:33.131Z and 2025-03-28T15:12:57.369Z | J4: Sample NewSourceEth values include: dst__port: ('',); midpointId: 4d06bebb-d788-430a-a723-e06a652f5854, c1a36162-4109-4ff6-8876-83a226e3d512, 2c56c702-d67a-425b-909c-c2dbcfe5cbb4; uuid: 0fb8a0c8-4fa8-4b93-b906-4e1f93be77f4, 1372b035-70a2-48eb-a20f-91c170158cac, 03085d02-941b-4854-9c09-ad6ced138369, 1817767a-a285-4d7e-8302-deb06b22d673, 07852700-1db8-4734-88e4-fb092828c1c6, 94719d1f-bfe5-4913-b8f1-544f18d6f6de, 165c0848-7f94-4cef-a4b1-def475b8e285, 69e8fd75-f79b-4d4f-8f43-2a76c139d317, 02946855-e642-469f-96b5-f1f6f1e6f4ce, 400540c2-3759-4916-a2bc-fa2b00711f43; eth_src_asset_id: ('4135', '4121', '4122', '4124', '4138', '4126', '4131', '4125', '4133', '4137'); src__mac: ; eth_src: 02:CE:C2:43:DF:EF, 02:C8:F3:63:65:2D, 02:D6:68:80:73:3F, 02:79:FF:96:1C:AB, 02:90:E7:10:1E:81, 02:31:57:6C:0D:A7, 02:DC:6A:29:D5:91, 02:D6:17:EF:A5:D1, 02:BA:75:E3:32:C7, 02:B4:A8:D2:43:2F; dst__mac: ; protocol: SSH, HTTP, DNS, TLS; dst__ip: ; src__port: ('',); src__ip: ; | K4: New Ethernet Address as Source | L4: 4135,4121,4122,4124,4138,4126,4131,4125,4133,4137 | R4: 0fb8a0c8-4fa8-4b93-b906-4e1f93be77f4, 1372b035-70a2-48eb-a20f-91c170158cac, 03085d02-941b-4854-9c09-ad6ced138369, 1817767a-a285-4d7e-8302-deb06b22d673, 07852700-1db8-4734-88e4-fb092828c1c6, 94719d1f-bfe5-4913-b8f1-544f18d6f6de, 165c0848-7f94-4cef-a4b1-def475b8e285, 69e8fd75-f79b-4d4f-8f43-2a76c139d317, 02946855-e642-469f-96b5-f1f6f1e6f4ce, 400540c2-3759-4916-a2bc-fa2b00711f43
A5: Vendor B NIDS (default) | B5: 1 | C5: 1 | D5: Low | E5: 37465 | F5: 45744.676 | G5: Communication | H5: Configuration | I5: Detected 24 NewDestEth between 2025-03-28T15:09:50.746Z and 2025-03-28T15:12:57.369Z | J5: Sample NewDestEth values include: dst__port: ('',); midpointId: 4d06bebb-d788-430a-a723-e06a652f5854, c1a36162-4109-4ff6-8876-83a226e3d512, 2c56c702-d67a-425b-909c-c2dbcfe5cbb4; eth_dst_asset_id: ('4135', '4121', '4122', '4124', '4138', '4126', '4131', '4125', '4133', '4137'); uuid: 55d765f7-1244-4e78-a8b6-b55d6a5eeb13, 2fd042cc-109c-4ad5-a032-2a37fb1c8df7, 13988a76-6cb3-4574-b911-baa39ca12a47, 0610189e-037b-4001-a772-0bea8a796459, 7b67b7ea-ffee-4131-8b8c-b23dc49aa8e1, 2e3013a7-cf8d-4942-ad98-3f47c9554a4e, 7f14bb51-f0b2-492d-8823-2bd1a827c6ad, 4a83a8e9-190b-4a4c-8b7f-ddbad61d3323, 2fc1b32b-45e9-480c-89de-53cbaab8aafe, 0d005a75-09c6-4359-8351-334cb389efbd; src__mac: ; dst__mac: ; eth_dst: 02:CE:C2:43:DF:EF, 02:C8:F3:63:65:2D, 02:D6:68:80:73:3F, 02:90:E7:10:1E:81, 02:31:57:6C:0D:A7, 02:DC:6A:29:D5:91, 02:D6:17:EF:A5:D1, 02:BA:75:E3:32:C7, 02:B4:A8:D2:43:2F, 02:2E:36:5A:91:E3; protocol: TLS, HTTP_PROXY, TCP, HTTP, SSH; dst__ip: ; src__port: ('',); src__ip: ; | K5: New Ethernet Address as Destination | L5: 4135,4121,4122,4124,4138,4126,4131,4125,4133,4137 | R5: 55d765f7-1244-4e78-a8b6-b55d6a5eeb13, 2fd042cc-109c-4ad5-a032-2a37fb1c8df7, 13988a76-6cb3-4574-b911-baa39ca12a47, 0610189e-037b-4001-a772-0bea8a796459, 7b67b7ea-ffee-4131-8b8c-b23dc49aa8e1, 2e3013a7-cf8d-4942-ad98-3f47c9554a4e, 7f14bb51-f0b2-492d-8823-2bd1a827c6ad, 4a83a8e9-190b-4a4c-8b7f-ddbad61d3323, 2fc1b32b-45e9-480c-89de-53cbaab8aafe, 0d005a75-09c6-4359-8351-334cb389efbd
A6: Vendor B NIDS (default) | B6: 5 | C6: 5 | D6: Low | E6: 37484 | F6: 45744.669 | G6: Communication | H6: Configuration | I6: SSH Authentication Failure | J6: SSH authentication failure from 10.0.242.127 to 10.0.2.30. | K6: SSH Authentication Failure | L6: 2896,154 | O6: 10.0.242.127 | P6: 10.0.2.30 | R6: ff9485c4-68f5-44c8-9638-ef426cdca4b3
A7: Vendor B NIDS (default) | B7: 3 | C7: 3 | D7: Low | E7: 37824 | F7: 45744.679 | G7: Indicator | H7: Configuration | I7: HTTP POST Cleartext Auth Attempt | J7: HTTP POST Cleartext Auth Attempt | K7: HTTP Cleartext Authentication | L7: 2896,139 | O7: 10.0.242.127 | P7: 10.0.2.60 | R7: Network Traffic
A8: Vendor B NIDS (default) | B8: 3 | C8: 3 | D8: Medium | E8: 37825 | F8: 45744.679 | G8: Indicator | H8: Configuration | I8: HTTP POST Cleartext Auth Success | J8: HTTP POST Cleartext Auth Success | K8: HTTP Cleartext Authentication | L8: 2896,139 | O8: 10.0.2.60 | P8: 10.0.242.127 | R8: Network Traffic
A9: Vendor B NIDS (default) | B9: 5 | C9: 5 | D9: Medium | E9: 37922 | F9: 45744.68 | G9: Indicator | H9: Threat Behavior | I9: SMB Executable Extension .exe | J9: SMB Executable Extension .exe | K9: SMB File Transfers | L9: 48,154 | O9: 10.0.2.30 | P9: 10.0.2.11 | R9: Network Traffic
A10: Vendor B NIDS (default) | B10: 5 | C10: 5 | D10: Medium | E10: 37923 | F10: 45744.68 | G10: Indicator | H10: Indicator | I10: PsExec Service Created | J10: PsExec Service Created | K10: PsExec Signatures | L10: 48,154 | O10: 10.0.2.30 | P10: 10.0.2.11 | R10: Network Traffic
A11: Vendor B NIDS (default) | B11: 5 | C11: 5 | D11: Low | E11: 37924 | F11: 45744.68 | G11: Indicator | H11: Threat Behavior | I11: SMB2 Command Shell Activity cmd.exe | J11: SMB2 Command Shell Activity cmd.exe | K11: SMB Windows Command Shell | L11: 48,154 | O11: 10.0.2.30 | P11: 10.0.2.11 | R11: Network Traffic
A12: Vendor B NIDS (default) | B12: 1 | C12: 5 | D12: Low | E12: 38670 | F12: 45744.678 | G12: Communication | H12: Indicator | I12: Failed HTTP Logon | J12: Asset 48 (10.0.2.11) returned an HTTP response code of 401 'Unauthorized' to asset 154 (10.0.2.30), which represents a failed logon attempt via HTTP by asset 154. Logon attempts that result in HTTP status codes such as 401 'Unauthorized', 403 'Forbidden', or 407 'Proxy Authentication Required' can occur legitimately when users mistype credentials or attempt to access resources they are not authorized to use; however, they can also be indicative of malicious activities, such as unauthorized access attempts, brute force attacks, or the misuse of stolen credentials, where adversaries are testing access controls and trying to gain illicit entry into systems. | K12: HTTP Auth Failure | L12: 48,154 | O12: 10.0.2.11 | P12: 10.0.2.30 | R12: 13a3274b-946c-4cfb-af01-a99c1484a768
A13: Vendor B NIDS (default) | B13: 5 | C13: 5 | D13: Low | E13: 38672 | F13: 45744.682 | G13: Communication | H13: Threat Behavior | I13: SMB File Open | J13: An SMB FILE_OPEN action was seen on Asset 48 (10.0.2.11) from Asset 154 (10.0.2.30) . The script executed the following action ['SMB::FILE_OPEN', 'SMB::FILE_OVERWRITE_IF'] . | K13: SMB File Open | L13: 48,154 | O13: 10.0.2.30 | P13: 10.0.2.11 | R13: e3246be9-5baa-4563-9991-ca0c879e52b1
A14: Vendor B NIDS (default) | B14: 5 | C14: 5 | D14: Low | E14: 38698 | F14: 45744.683 | G14: Communication | H14: Configuration | I14: SSH Authentication Failure | J14: SSH authentication failure from 10.0.242.127 to 10.0.2.30. | K14: SSH Authentication Failure | L14: 2896,154 | O14: 10.0.242.127 | P14: 10.0.2.30 | R14: 12eefb80-426c-47b9-b36a-2d2c60173779
A15: Vendor B NIDS (default) | B15: 5 | C15: 5 | D15: Low | E15: 38701 | F15: 45744.682 | G15: Communication | H15: Configuration | I15: SSH Authentication Failure | J15: SSH authentication failure from 10.0.242.127 to 10.0.2.30. | K15: SSH Authentication Failure | L15: 2896,154 | O15: 10.0.242.127 | P15: 10.0.2.30 | R15: 322f43aa-c135-4f28-ae59-314a7f13f5a5
A16: Vendor B NIDS (default) | B16: 5 | C16: 5 | D16: Low | E16: 38703 | F16: 45744.682 | G16: Communication | H16: Configuration | I16: SSH Authentication Failure | J16: SSH authentication failure from 10.0.242.127 to 10.0.2.30. | K16: SSH Authentication Failure | L16: 2896,154 | O16: 10.0.242.127 | P16: 10.0.2.30 | R16: f1e8fa4a-0d36-43f3-b619-6e3479530762
A17: Vendor B NIDS (default) | B17: 5 | C17: 5 | D17: Low | E17: 38709 | F17: 45744.682 | G17: Communication | H17: Configuration | I17: SSH Authentication Failure | J17: SSH authentication failure from 10.0.242.127 to 10.0.2.30. | K17: SSH Authentication Failure | L17: 2896,154 | O17: 10.0.242.127 | P17: 10.0.2.30 | R17: 300b5370-55fd-43c4-8eb8-36b6bc4fec2b
... A20: Vendor B NIDS (default) | B20: 5 | C20: 5 | D20: Low | E20: 41954 | F20: 45744.669 | G20: Communication | H20: Configuration | I20: SSH Authentication Failure | J20: SSH authentication failure from 10.0.242.127 to 10.0.2.30. | K20: SSH Authentication Failure | L20: 2896,154 | O20: 10.0.242.127 | P20: 10.0.2.30 | R20: 5669619d-9b54-444f-98a9-87402c3a0406

Sheet vendor_b_nids_team2_run2_objOT
A1: Rule Origin | B1: Attack Confidence Pentester A | C1: Attack Confidence Pentester B | D1: SEVERITY | E1: ID | F1: OCCURRED_AT | G1: TYPE | H1: DETECTION_QUADS | I1: SUMMARY | J1: CONTENT | K1: DETECTION | L1: ASSET_IDS | M1: SOURCE_HOST_NAME | N1: DESTINATION_HOST_NAME | O1: SOURCE_IP | P1: DESTINATION_IP | Q1: OTHER_IP | R1: SOURCE | S1: PACKET_CAPTURE_STATE
A2: Vendor B NIDS (default) | B2: 1 | C2: 1 | D2: Low | E2: 38307 | F2: 45744.685 | G2: Communication | H2: Configuration | I2: Detected 8 NewSourceEth between 2025-03-28T15:14:14.043Z and 2025-03-28T15:25:56.028Z | J2: Sample NewSourceEth values include: dst__port: ('',); midpointId: 4d06bebb-d788-430a-a723-e06a652f5854, c1a36162-4109-4ff6-8876-83a226e3d512, 2c56c702-d67a-425b-909c-c2dbcfe5cbb4; uuid: 11760e5f-24bb-409a-a9fe-dc3cc8fa3cb2, 1ce9b844-ed88-453f-8cc8-5a2aecf94d2a, 06f2d11b-730c-4402-9656-a4197afa3b37, 7e2ff60d-aa23-475d-99bb-47e000bd395a, 1360616b-a00f-4eb6-b254-3b6ffdf0a681, 00119d59-b41b-44b9-8648-aecc4306430a, 4294255a-7358-432f-9b20-86c2d8122b87, 08ad1cdc-94cc-4a2c-bbe8-7472c865476f; eth_src_asset_id: ('4160', '4150', '4151', '4154', '4153', '4146', '4152', '4149'); src__mac: ; eth_src: 02:72:DD:BE:BC:8B, 02:FB:CA:85:1B:B9, 02:FF:B6:CB:FD:B7, 02:DA:28:7A:06:1B, 02:D3:61:D5:2A:9D, 02:B3:EB:9C:8D:1F, 02:02:27:D2:AF:31, 02:D5:29:60:0D:DD; dst__mac: ; protocol: HTTP, DNS, TLS, TCP; dst__ip: ; src__port: ('',); src__ip: ; | K2: New Ethernet Address as Source | L2: 4160,4150,4151,4154,4153,4146,4152,4149 | R2: 11760e5f-24bb-409a-a9fe-dc3cc8fa3cb2, 1ce9b844-ed88-453f-8cc8-5a2aecf94d2a, 06f2d11b-730c-4402-9656-a4197afa3b37, 7e2ff60d-aa23-475d-99bb-47e000bd395a, 1360616b-a00f-4eb6-b254-3b6ffdf0a681, 00119d59-b41b-44b9-8648-aecc4306430a, 4294255a-7358-432f-9b20-86c2d8122b87, 08ad1cdc-94cc-4a2c-bbe8-7472c865476f
A3: Vendor B NIDS (default) | B3: 1 | C3: 1 | D3: Low | E3: 38308 | F3: 45744.686 | G3: Communication | H3: Configuration | I3: Detected 9 NewDestEth between 2025-03-28T15:14:33.047Z and 2025-03-28T15:28:20.022Z | J3: Sample NewDestEth values include: dst__port: ('',); midpointId: 4d06bebb-d788-430a-a723-e06a652f5854, c1a36162-4109-4ff6-8876-83a226e3d512, 2c56c702-d67a-425b-909c-c2dbcfe5cbb4; eth_dst_asset_id: ('4160', '4140', '4150', '4151', '4154', '4153', '4146', '4152', '4149'); uuid: 0d52c6b5-afb5-44ed-ac3c-8c6762a8d82d, 235d6a9c-df82-4e5c-a3b0-2e82103c6d2c, 0c30b29c-3b4c-4ea7-b572-66307767b769, 04155cfb-9832-4cb7-bfce-eb85cccaf915, 1d4771c9-d26c-4ab7-9941-34cc7a72e2bc, 0d24cf1f-ab7c-4859-82ad-a203cc91f45d, 19e40dda-3007-4ae9-ab8a-598cdd4071b6, 31928d3e-d036-4ba1-b0b5-e2d2732940c6, 1d633e0d-ff8c-4a98-87df-83729a6dc8de; src__mac: ; dst__mac: ; eth_dst: 02:79:FF:96:1C:AB, 02:72:DD:BE:BC:8B, 02:FB:CA:85:1B:B9, 02:FF:B6:CB:FD:B7, 02:DA:28:7A:06:1B, 02:D3:61:D5:2A:9D, 02:B3:EB:9C:8D:1F, 02:02:27:D2:AF:31, 02:D5:29:60:0D:DD; protocol: SMB2, SMBV23, DNS; dst__ip: ; src__port: ('',); src__ip: ; | K3: New Ethernet Address as Destination | L3: 4160,4150,4151,4154,4153,4146,4152,4149,4140 | R3: 0d52c6b5-afb5-44ed-ac3c-8c6762a8d82d, 235d6a9c-df82-4e5c-a3b0-2e82103c6d2c, 0c30b29c-3b4c-4ea7-b572-66307767b769, 04155cfb-9832-4cb7-bfce-eb85cccaf915, 1d4771c9-d26c-4ab7-9941-34cc7a72e2bc, 0d24cf1f-ab7c-4859-82ad-a203cc91f45d, 19e40dda-3007-4ae9-ab8a-598cdd4071b6, 31928d3e-d036-4ba1-b0b5-e2d2732940c6, 1d633e0d-ff8c-4a98-87df-83729a6dc8de
A4: Vendor B NIDS (default) | B4: 1 | C4: 1 | D4: Low | E4: 38668 | F4: 45744.686 | G4: Communication | H4: Configuration | I4: Detected 8 RDP New Comms between 2025-03-28T15:21:26.932Z and 2025-03-28T15:28:19.542Z | J4: Sample RDP New Comms values include: rdp_client_name: ; dst__port: ('',); ip_src: 10.0.12.43, 10.0.12.11, 10.0.242.127, 10.0.2.44, 10.0.1.43, 10.0.1.44, 10.0.10.29; dst_asset_id: 1737, 118, 154, 2896, 1919, 141, 1742; rdp_keyboard_layout: ; ip_dst: 10.0.242.127, 10.0.12.11, 10.0.10.30, 10.0.12.29, 10.0.1.43, 10.0.1.44, 10.0.2.30; rdp_selected_protocol: , hybrid, hybrid_ex; src__mac: ; dst__mac: ; protocol: ; src_asset_id: 118, 2896, 1801, 141, 1663, 1742, 143; dst__ip: ; src__port: ('',); rdp_rt_cookie: , administrator, dragon, plumber; src__ip: ; | K4: RDP New Comms Pattern | L4: 1737,1742,1801,118,1663,2896,141,143,154,1919 | O4: 10.0.12.11,10.0.10.29,10.0.1.43,10.0.12.43,10.0.242.127,10.0.1.44,10.0.2.44 | P4: 10.0.12.29,10.0.12.11,10.0.1.43,10.0.242.127,10.0.1.44,10.0.2.30,10.0.10.30
A5: Vendor B NIDS (default) | B5: 5 | C5: 5 | D5: Low | E5: 38691 | F5: 45744.684 | G5: Communication | H5: Configuration | I5: SSH Authentication Failure | J5: SSH authentication failure from 10.0.242.127 to 10.0.2.30. | K5: SSH Authentication Failure | L5: 2896,154 | O5: 10.0.242.127 | P5: 10.0.2.30 | R5: daa20b8f-7742-4e01-b43b-d5d35f44975e
A6: Vendor B NIDS (default) | B6: 5 | C6: 4 | D6: Medium | E6: 38799 | F6: 45744.692 | G6: Indicator | H6: Threat Behavior | I6: RDP Auth Bypass Attempt Possible | J6: RDP Auth Bypass Attempt Possible | K6: RDP Negotiation Request | L6: 142,143 | O6: 10.0.2.44 | P6: 10.0.2.59 | R6: Network Traffic
A7: Vendor B NIDS (default) | B7: 1 | C7: 4 | D7: Low | E7: 38897 | F7: 45744.697 | G7: Communication | H7: Configuration | I7: SSH Authentication Failure | J7: SSH authentication failure from 10.0.242.127 to 10.0.3.74. | K7: SSH Authentication Failure | L7: 2896,1847 | O7: 10.0.242.127 | P7: 10.0.3.74 | R7: 2bda5a33-935a-4ee0-b597-dea67b5b2027
A8: Vendor B NIDS (default) | B8: 5 | C8: 5 | D8: Low | E8: 38966 | F8: 45744.69 | G8: Communication | H8: Threat Behavior | I8: Interactive Session Pivot | J8: Asset 154 (10.0.2.30) connected via RDP to asset 143 (10.0.2.44) to then pivot to asset 142 (10.0.2.59) via RDP. | K8: Interactive Session Pivots | L8: 154,142 | O8: 10.0.2.30 | P8: 10.0.2.59
A9: Vendor B NIDS (default) | B9: 5 | C9: 5 | D9: Low | E9: 38970 | F9: 45744.688 | G9: Communication | H9: Threat Behavior | I9: Interactive Session Pivot | J9: Asset 2896 (10.0.242.127) connected via SSH to asset 154 (10.0.2.30) to then pivot to asset 143 (10.0.2.44) via RDP. | K9: Interactive Session Pivots | L9: 2896,143 | O9: 10.0.242.127 | P9: 10.0.2.44

Sheet wazuh_team9_run3
A1: Rule Origin | B1: Attack Confidence Pentester A | C1: Attack Confidence Pentester B | D1: timestamp UTC+1 | E1: host | F1: level | G1: description | H1: log
A2: Wazuh (default) | B2: 1 | C2: 1 | D2: 45744.63 | E2: wazuh | F2: 3 | G2: Wazuh server started. | H2: ossec: Manager started.
A3: Wazuh (default) | B3: 1 | C3: 2 | D3: 45744.63 | E3: wazuh | F3: 3 | G3: PAM: Login session opened. | H3: 2025-03-28T14:07:47.831757+00:00 localhost sshd[2794]: pam_unix(sshd:session): session opened for user ubuntu(uid=1000) by ubuntu(uid=0)
A4: Wazuh (default) | B4: 1 | C4: 1 | D4: 45744.63 | E4: wazuh | F4: 3 | G4: sshd: authentication success. | H4: 2025-03-28T14:07:47.829233+00:00 localhost sshd[2794]: Accepted publickey for ubuntu from 10.0.242.127 port 54210 ssh2: ED25519 SHA256:tF1+XPQaN143qE9VmXQmwdin2QrPEHSH0+TMWiu5US4
A5: Wazuh (default) | B5: 1 | C5: 2 | D5: 45744.63 | E5: wazuh | F5: 3 | G5: PAM: Login session opened. | H5: 2025-03-28T14:07:47.887192+00:00 localhost (systemd): pam_unix(systemd-user:session): session opened for user ubuntu(uid=1000) by ubuntu(uid=0)
A6: Wazuh (default) | B6: 1 | C6: 1 | D6: 45744.631 | E6: wazuh | F6: 3 | G6: PAM: Login session closed. | H6: 2025-03-28T14:08:30.388452+00:00 localhost sshd[2794]: pam_unix(sshd:session): session closed for user ubuntu
A7: Wazuh (default) | B7: 1 | C7: 1 | D7: 45744.631 | E7: wazuh | F7: 3 | G7: PAM: Login session closed. | H7: 2025-03-28T14:08:40.687655+00:00 localhost (sd-pam): pam_unix(systemd-user:session): session closed for user ubuntu
A8: Wazuh (default) | B8: 1 | C8: 2 | D8: 45744.632 | E8: wazuh | F8: 3 | G8: PAM: Login session opened. | H8: 2025-03-28T14:10:17.638617+00:00 localhost sshd[3007]: pam_unix(sshd:session): session opened for user ubuntu(uid=1000) by ubuntu(uid=0)
A9: Wazuh (default) | B9: 1 | C9: 1 | D9: 45744.632 | E9: wazuh | F9: 3 | G9: sshd: authentication success. | H9: 2025-03-28T14:10:17.636080+00:00 localhost sshd[3007]: Accepted publickey for ubuntu from 10.0.242.127 port 50346 ssh2: ED25519 SHA256:tF1+XPQaN143qE9VmXQmwdin2QrPEHSH0+TMWiu5US4
A10: Wazuh (default) | B10: 1 | C10: 2 | D10: 45744.632 | E10: wazuh | F10: 3 | G10: PAM: Login session opened. | H10: 2025-03-28T14:10:17.711677+00:00 localhost (systemd): pam_unix(systemd-user:session): session opened for user ubuntu(uid=1000) by ubuntu(uid=0)
A11: Wazuh (default) | B11: 1 | C11: 1 | D11: 45744.632 | E11: wazuh | F11: 3 | G11: PAM: Login session closed. | H11: 2025-03-28T14:10:19.922104+00:00 localhost sudo: pam_unix(sudo:session): session closed for user root
A12: Wazuh (default) | B12: 1 | C12: 2 | D12: 45744.632 | E12: wazuh | F12: 3 | G12: PAM: Login session opened. | H12: 2025-03-28T14:10:18.907341+00:00 localhost sudo: pam_unix(sudo:session): session opened for user root(uid=0) by ubuntu(uid=1000)
A13: Wazuh (default) | B13: 1 | C13: 1 | D13: 45744.632 | E13: wazuh | F13: 3 | G13: Successful sudo to ROOT executed. | H13: 2025-03-28T14:10:18.906563+00:00 localhost sudo: ubuntu : PWD=/home/ubuntu ; USER=root ; COMMAND=/bin/sh -c 'echo BECOME-SUCCESS-vwzixsmwpzteorbbctyhjicotdyvfdpx ; /usr/bin/python3.12'
... A1660: Wazuh (default) | B1660: 1 | C1660: 1 | D1660: 45744.663 | E1660: DC1 | F1660: 3 | G1660: Windows Logon Success | H1660: "An account was successfully logged on._x000D_ _x000D_ Subject:_x000D_ Security ID: S-1-0-0_x000D_ Account Name: -_x000D_ Account Domain: -_x000D_ Logon ID: 0x0_x000D_ _x000D_ Logon Information:_x000D_ Logon Type: 3_x000D_ Restricted Admin Mode: -_x000D_ Virtual Account: No_x000D_ Elevated Token: Yes_x000D_ _x000D_ Impersonation Level: Impersonation_x000D_ _x000D_ New Logon:_x000D_ Security ID: S-1-5-18_x000D_ Account Name: DC1$_x000D_ Account Domain: PLUMETECH.LOCAL_x000D_ Logon ID: 0xEEA521_x000D_ Linked Logon ID: 0x0_x000D_ Network Account Name: -_x000D_ Network Account Domain: -_x000D_ Logon GUID: {5425e877-3887-131e-7681-4a1daa92c27a}_x000D_ _x000D_ Process Information:_x000D_ Process ID: 0x0_x000D_ Process Name: -_x000D_ _x000D_ Network Information:_x000D_ Workstation Name: -_x000D_ Source Network Address: ::1_x000D_ Source Port: 54914_x000D_ _x000D_ Detailed Authentication Information:_x000D_ Logon Process: Kerberos_x000D_ Authentication Package: Kerberos_x000D_ Transited Services: -_x000D_ Package Name (NTLM only): -_x000D_ Key Length: 0_x000D_ _x000D_ This event is generated when a logon session is created. It is generated on the computer that was accessed._x000D_ _x000D_ The subject fields indicate the account on the local system which requested the logon. This is most commonly a service such as the Server service, or a local process such as Winlogon.exe or Services.exe._x000D_ _x000D_ The logon type field indicates the kind of logon that occurred. The most common types are 2 (interactive) and 3 (network)._x000D_ _x000D_ The New Logon fields indicate the account for whom the new logon was created, i.e. the account that was logged on._x000D_ _x000D_ The network fields indicate where a remote logon request originated. Workstation name is not always available and may be left blank in some cases._x000D_ _x000D_ The impersonation level field indicates the extent to which a process in the logon session can impersonate._x000D_ _x000D_ The authentication information fields provide detailed information about this specific logon request._x000D_ - Logon GUID is a unique identifier that can be used to correlate this event with a KDC event._x000D_ - Transited services indicate which intermediate services have participated in this logon request._x000D_ - Package name indicates which sub-protocol was used among the NTLM protocols._x000D_ - Key length indicates the length of the generated session key. This will be 0 if no session key was requested."

Sheet vendor_a_edr_team9_run3
A1: Rule Origin | B1: Attack Confidence Pentester A | C1: Attack Confidence Pentester B | D1: timestamp | E1: Host | F1: severity_name | G1: severity | H1: description | I1: cmdline | J1: files_written | K1: entities
A2: Vendor A EDR (default) | B2: 5 | C2: 5 | D2: 45744.652 | E2: 10.0.9.11 | F2: High | G2: 70 | H2: A user created a new user account. Attackers can create new accounts to maintain their foothold on a system. Investigate the active user and newly created account. | I2: net user plumber Pentest123 /domain /add
A3: Vendor A EDR (default) | B3: 5 | C3: 5 | D3: 45744.652 | E3: 10.0.9.11 | F3: High | G3: 70 | H3: A process appears to be using Windows Management Instrumentation (WMI) to suspiciously execute code. Investigate the command line and process tree. | I3: cmd.exe /Q /c net user plumber Pentest123 /domain /add 1> \Windows\Temp\QnSeRX 2>&1

Sheet vendor_a_idp_team9_run3
A1: Rule Origin | B1: Attack Confidence Pentester A | C1: Attack Confidence Pentester B | D1: process.start | E1: Vendor.SeverityName | F1: source.ip | G1: source.user.name | H1: user.target.name | I1: threat.indicator.description | J1: Vendor.EventSourceName | K1: Tactic | L1: Technique | M1: @rawstring
A2: Vendor A EDR (IDP) | B2: 5 | C2: 5 | D2: 45744.637 | E2: Medium | G2: backup@PLUMETECH-OT.LOCAL | H2: JUMP$ | I2: An authentication protocol was used in an unusual manner | J2: Suspicious protocol implementation (valid accounts)IDPEvent | K2: TA0004 Privilege Escalation | L2: T1078 Valid Accounts | M2: {"Ngsiem.alert.id":"9374a063cba648ff951d57ebc35eb15e:ind:9374a063cba648ff951d57ebc35eb15e:556E714C-F729-4242-AA7A-7014749C279E","Ngsiem.detection.id":"","Ngsiem.event.data_domain":"Identity","Ngsiem.event.id":"6c15f9a2307e42c48e605a134f4a2f31","Ngsiem.event.product":"Falcon Identity Protection","Ngsiem.event.vendor":"CrowdStrike","Ngsiem.indicator.data_domain[0]":"Identity","Ngsiem.indicator.display_name":"Suspicious protocol implementation (valid accounts)","Ngsiem.indicator.id":"6c15f9a2307e42c48e605a134f4a2f31","Ngsiem.indicator.source_product[0]":"Falcon Identity Protection","Ngsiem.indicator.source_vendor[0]":"CrowdStrike","Ngsiem.metadata":"{\"Metadata\":{}}","Ngsiem.pattern.id":"51103","Ngsiem.properties":"[{\"EntitySummary:user_sid\":\"S-1-5-21-3151116497-701922017-2571581464-1108\",\"EntitySummary:username\":\"backup@PLUMETECH-OT.LOCAL\",\"UIVertexType\":\"user\",\"UserName\":\"backup@PLUMETECH-OT.LOCAL\",\"UserSID\":\"S-1-5-21-3151116497-701922017-2571581464-1108\",\"domain\":\"User\",\"id\":\"S-1-5-21-3151116497-701922017-2571581464-1108\"}]","Ngsiem.type":"Indicator","Vendor.ActivityId":"30E2ED87-B76E-40B4-B7F0-43DECEE7180E","Vendor.ContextTimeStamp":"133876452970000000","Vendor.DetectID":"9374a063cba648ff951d57ebc35eb15e:ind:9374a063cba648ff951d57ebc35eb15e:556E714C-F729-4242-AA7A-7014749C279E","Vendor.EventName":"ProtocolAnomalyValidAccountsIndicator","Vendor.EventSourceName":"Suspicious protocol implementation (valid accounts)IDPEvent","Vendor.EventType":"IdpDetectionSummaryEvent","Vendor.FalconHostLink":"https://falcon.eu-1.crowdstrike.com/identity-protection/detections/9374a063cba648ff951d57ebc35eb15e:ind:9374a063cba648ff951d57ebc35eb15e:556E714C-F729-4242-AA7A-7014749C279E?_cid=g05000u56ylbfaurdzjj72wbjahc2rdu","Vendor.Objective":"Gain Access","Vendor.PatternID":"51103","Vendor.ProtocolAnomalyClassification":"8","Vendor.SeverityName":"Medium","Vendor.TargetEndpointAccountObjectGuid":"C8215228-CAC2-4E8D-AA44-8E350A2527F0","Vendor.TargetEndpointAccountObjectSid":"S-1-5-21-2662794894-2444940611-3771113054-1117","Vendor.TargetEndpointSensorId":"58c871a71e374bcf89fb68c972bcd98f","Vendor.TargetServiceAccessIdentifier":"cifs/JUMP","destination.domain":"jump.plumetech-ot.local","event.action":"ProtocolAnomalyValidAccountsIndicator","event.category[0]":"threat","event.created":"2025-03-28T14:21:37Z","event.severity":"20","event.type[0]":"indicator","process.end":"2025-03-28T14:17:09Z","process.start":"2025-03-28T14:17:09Z","rule.id":"999998","rule.version":"0","source.user.domain":"PLUMETECH-OT.LOCAL","source.user.id":"S-1-5-21-3151116497-701922017-2571581464-1108","source.user.name":"backup@PLUMETECH-OT.LOCAL","threat.framework":"MITRE ATT\u0026CK","threat.indicator.description":"An authentication protocol was used in an unusual manner","threat.indicator.first_seen":"2025-03-28T14:22:43Z","threat.indicator.last_seen":"2025-03-28T14:22:43Z","threat.indicator.modified_at":"2025-03-28T14:22:43.222976896Z","threat.indicator.name":"Suspicious protocol implementation (valid accounts)","threat.indicator.provider":"crowdstrike.indicators","threat.tactic.id[0]":"TA0004","threat.tactic.name[0]":"Privilege Escalation","threat.technique.id[0]":"T1078","threat.technique.name[0]":"Valid Accounts","trace.id":"337399a5-082c-454b-8994-4f198723054f","user.target.name":"JUMP$"}

Sheet vendor_b_nids_team9_run3
A1: Rule Origin | B1: Attack Confidence Pentester A | C1: Attack Confidence Pentester B | D1: SEVERITY | E1: ID | F1: OCCURRED_AT | G1: TYPE | H1: DETECTION_QUADS | I1: SUMMARY | J1: CONTENT | K1: DETECTION | L1: ASSET_IDS | M1: SOURCE_HOST_NAME | N1: DESTINATION_HOST_NAME | O1: SOURCE_IP | P1: DESTINATION_IP | Q1: OTHER_IP | R1: SOURCE | S1: PACKET_CAPTURE_STATE
A2: Vendor B NIDS (default) | B2: 5 | C2: 5 | D2: Low | E2: 36036 | F2: 45744.619 | G2: Communication | H2: Threat Behavior | I2: Interactive Session Pivot | J2: Asset 2896 (10.0.242.127) connected via SSH to asset 1921 (10.0.9.30) to then pivot to asset 1727 (10.0.9.44) via RDP. | K2: Interactive Session Pivots | L2: 2896,1727 | O2: 10.0.242.127 | P2: 10.0.9.44
A3: Vendor B NIDS (default) | B3: 5 | C3: 5 | D3: Low | E3: 36186 | F3: 45744.626 | G3: Communication | H3: Threat Behavior | I3: Interactive Session Pivot | J3: Asset 2896 (10.0.242.127) connected via SSH to asset 1921 (10.0.9.30) to then pivot to asset 1727 (10.0.9.44) via RDP. | K3: Interactive Session Pivots | L3: 2896,1727 | O3: 10.0.242.127 | P3: 10.0.9.44
A4: Vendor B NIDS (default) | B4: 3 | C4: 3 | D4: Medium | E4: 36117 | F4: 45744.633 | G4: Indicator | H4: Threat Behavior | I4: HTTP Download Executable Smaller than 1 MB | J4: HTTP Download Executable Smaller than 1 MB | K4: HTTP Executable Download Signatures | L4: 1729,4006 | O4: 184.25.50.160 | P4: 10.0.9.29 | R4: Network Traffic
A5: Vendor B NIDS (default) | B5: 1 | C5: 1 | D5: Low | E5: 36304 | F5: 45744.638 | G5: Communication | H5: Configuration | I5: Detected 15 NewX509Certificate between 2025-03-28T14:10:19.259Z and 2025-03-28T14:18:23.707Z | J5: Sample NewX509Certificate values include: server: 52.232.161.82, 20.190.159.2, 184.25.50.155, 88.198.176.247, 52.123.243.212, 104.208.16.91, 13.32.99.23, 51.116.253.169, 172.202.163.200, 52.137.121.25; subject: , C=US, ST=WA, L=Redmond, O=Microsoft, OU=DSP, CN=*.prod.do.dsp.mp.microsoft.com, C=US, ST=WA, L=Redmond, O=Microsoft, OU=DSP, CN=fe2cr.update.microsoft.com, C=US, ST=Washington, L=Redmond, O=Microsoft Corporation, CN=login.live.com; not_before: , 2025-03-16T00:00:00Z, 2025-03-04T20:39:31Z, 2024-11-07T19:28:51Z; server_asset_id: 4052, 4048, 4049, 2664, 399, 3950, 4046, 4050, 4051, 4042; dst__port: ('',); dns: ; uuid: 9b683aeb-143b-42b0-8f50-b8a5894aa11d, b0565cca-77cb-4c01-8510-162be661f669, 3606fda6-62d3-404e-9c2c-d45724ed3337, 15d59b0e-be03-4f0d-818b-35ed64a28e70, 0d44b6b5-0f13-4a5a-80f9-17d33f4f6165, 2710a073-7cfd-44d9-9da7-52ff6a1ab9c2, 1f1f83db-4129-4487-8666-8284821e5d1b, 64f49711-f3fd-42a7-872e-75fe0d572395, 76c1e715-983d-4b46-88a6-31bb48a3277e, 6e776644-b8de-44d4-a4c0-f0604f1cd4b4; issuer: , C=US, ST=Washington, L=Redmond, O=Microsoft Corporation, CN=Microsoft ECC Content Distribution Secure Server CA 2.1, C=US, ST=Washington, L=Redmond, O=Microsoft Corporation, CN=Microsoft ECC Update Secure Server CA 2.1, C=US, O=DigiCert Inc, CN=DigiCert SHA2 Secure Server CA; client_asset_id: 1732, 1784, 1801, 1729, 1687, 1779; src__mac: ; not_after: , 2025-11-07T19:28:51Z, 2026-03-04T20:39:31Z, 2025-09-16T23:59:59Z; dst__mac: ; protocol: ; dst__ip: ; client: 10.0.9.11, 10.0.8.12, 10.0.8.11, 10.0.10.29, 10.0.9.29, 10.0.8.29; src__port: ('',); src__ip: ; | K5: X509 Certificate First Seen | L5: 1801,1779,1732,1687,4050,4052,4048,4049,2664,399,3950,4046,4051,4042,1784,1729 | O5: 51.116.253.169,13.32.99.23,184.25.50.155,88.198.176.247,20.190.160.130,172.202.163.200,20.190.159.2,52.232.161.82,108.138.7.108,104.208.16.91 | P5: 10.0.10.29,10.0.8.11,10.0.9.11,10.0.8.29,10.0.8.12,10.0.9.29 | R5: 9b683aeb-143b-42b0-8f50-b8a5894aa11d, b0565cca-77cb-4c01-8510-162be661f669, 3606fda6-62d3-404e-9c2c-d45724ed3337, 15d59b0e-be03-4f0d-818b-35ed64a28e70, 0d44b6b5-0f13-4a5a-80f9-17d33f4f6165, 2710a073-7cfd-44d9-9da7-52ff6a1ab9c2, 1f1f83db-4129-4487-8666-8284821e5d1b, 64f49711-f3fd-42a7-872e-75fe0d572395, 76c1e715-983d-4b46-88a6-31bb48a3277e, 6e776644-b8de-44d4-a4c0-f0604f1cd4b4
A6: Vendor B NIDS (default) | B6: 3 | C6: 4 | D6: Low | E6: 38938 | F6: 45744.64 | G6: Communication | H6: Configuration | I6: SSH Authentication Failure | J6: SSH authentication failure from 10.0.242.127 to 10.0.9.30. | K6: SSH Authentication Failure | L6: 2896,1921 | O6: 10.0.242.127 | P6: 10.0.9.30 | R6: 43b1c551-8c86-4a5c-9f8a-d159ba00c499
A7: Vendor B NIDS (default) | B7: 5 | C7: 5 | D7: Low | E7: 36412 | F7: 45744.641 | G7: Communication | H7: Threat Behavior | I7: Interactive Session Pivot | J7: Asset 2896 (10.0.242.127) connected via SSH to asset 1921 (10.0.9.30) to then pivot to asset 1732 (10.0.9.11) via RDP. | K7: Interactive Session Pivots | L7: 2896,1732 | O7: 10.0.242.127 | P7: 10.0.9.11
A8: Vendor B NIDS (default) | B8: 1 | C8: 1 | D8: Low | E8: 36322 | F8: 45744.645 | G8: Asset | H8: Configuration | I8: Detected 16 NewUserAgent between 2025-03-28T14:09:31.768Z and 2025-03-28T14:29:18.028Z | J8: Sample NewUserAgent values include: dst__port: ('',); uuid: 9b3bbe6c-400f-48c2-940d-9bfb4d4f789b, 000a6076-95d8-43db-8cd1-2c0690a88890, 00e716bb-0db8-4f97-8b10-81c333606e31, 13c75ecd-962d-4bad-9988-e10924ad8dbe, 00b751b7-357d-4d45-b195-e4ef64fc3d39, 0198aeb7-8c78-4f2d-be79-e73bf02962ce, e7af4285-ec9d-4696-9b91-ff81bbed318d, 2ab079b9-5372-4868-9e39-786272fb10be, 002c0c60-183b-4781-9ef6-544103deaaf8, 68e94fcb-f3ba-4735-a6e2-9e9fef1e396c; src__mac: ; src_ip: 10.0.4.43, 10.0.9.12, 10.0.8.12, 10.0.8.11, 10.0.9.29, 10.0.8.29, 10.0.11.30; dst__mac: ; protocol: ; src_asset_id: 1784, 1729, 1759, 1933, 1854, 1687, 1779; dst__ip: ; src__port: ('',); user_agent: Microsoft-Delivery-Optimization/10.0, Mozilla/5.0, Mozilla/5.0 (Windows NT 10.0; Win64; x64; rv:133.0) Gecko/20100101 Firefox/133.0, Ruby WinRM Client (2.8.3, ruby 3.3.7 (2025-01-15)), Microsoft BITS/7.8, Microsoft Edge Update/1.3.195.45;winhttp, Microsoft-CryptoAPI/10.0, Mozilla/5.0 (Macintosh; Intel Mac OS X 14_7_2) AppleWebKit/605.1.15 (KHTML, like Gecko) Version/17.4.1 Safari/605.1.15, Windows-Update-Agent/10.0.10011.16384 Client-Protocol/2.51, curl/8.12.1; src__ip: ; | K8: User Agent First Seen | L8: 1759,1784,1729,1933,1854,1687,1779 | Q8: 10.0.4.43,10.0.8.12,10.0.9.29,10.0.11.30,10.0.9.12,10.0.8.29,10.0.8.11 | R8: 9b3bbe6c-400f-48c2-940d-9bfb4d4f789b, 000a6076-95d8-43db-8cd1-2c0690a88890, 00e716bb-0db8-4f97-8b10-81c333606e31, 13c75ecd-962d-4bad-9988-e10924ad8dbe, 00b751b7-357d-4d45-b195-e4ef64fc3d39, 0198aeb7-8c78-4f2d-be79-e73bf02962ce, e7af4285-ec9d-4696-9b91-ff81bbed318d, 2ab079b9-5372-4868-9e39-786272fb10be, 002c0c60-183b-4781-9ef6-544103deaaf8, 68e94fcb-f3ba-4735-a6e2-9e9fef1e396c
A9: Vendor B NIDS (default) | B9: 5 | C9: 4 | D9: Low | E9: 36398 | F9: 45744.648 | G9: Communication | H9: Indicator | I9: Failed HTTP Logon | J9: Asset 1732 (10.0.9.11) returned an HTTP response code of 401 'Unauthorized' to asset 1921 (10.0.9.30), which represents a failed logon attempt via HTTP by asset 1921. Logon attempts that result in HTTP status codes such as 401 'Unauthorized', 403 'Forbidden', or 407 'Proxy Authentication Required' can occur legitimately when users mistype credentials or attempt to access resources they are not authorized to use; however, they can also be indicative of malicious activities, such as unauthorized access attempts, brute force attacks, or the misuse of stolen credentials, where adversaries are testing access controls and trying to gain illicit entry into systems. | K9: HTTP Auth Failure | L9: 1732,1921 | O9: 10.0.9.11 | P9: 10.0.9.30 | R9: ed8ed988-535e-4cd9-8eb9-43020dc152d0
A10: Vendor B NIDS (default) | B10: 5 | C10: 5 | D10: Low | E10: 37617 | F10: 45744.659 | G10: Communication | H10: Threat Behavior | I10: Interactive Session Pivot | J10: Asset 2896 (10.0.242.127) connected via SSH to asset 1921 (10.0.9.30) to then pivot to asset 1727 (10.0.9.44) via RDP. | K10: Interactive Session Pivots | L10: 2896,1727 | O10: 10.0.242.127 | P10: 10.0.9.44
